step,agent_id,alpha,x,y,sugar,metabolism,age,decision,target_x,target_y,target_alpha,collected,in_house,alive
0,12,-0.785,47,37,13.2,1.757735522488605,1,2-STAY,,,,0,False,True
0,32,0.1,48,9,13.2,1.757735522488605,1,"1,(48,9)-START",,,,0,False,True
0,1,-0.315,33,40,13.2,1.757735522488605,1,2-STAY,,,,0,False,True
0,37,0.919,32,48,28.2,1.757735522488605,1,"4,(33,48)-WIN",,,-0.12,0,False,True
0,14,0.864,43,27,13.2,1.757735522488605,1,2-STAY,,,,0,False,True
0,19,0.66,0,27,13.2,1.757735522488605,1,2-STAY,,,,0,False,True
0,24,0.759,34,5,16.2,1.757735522488605,1,"1,(34,5)-START",,,,3,False,True
0,41,-0.441,48,44,14.2,1.757735522488605,1,"1,(48,44)-START",,,,1,False,True
0,47,0.213,19,30,16.2,1.757735522488605,1,"1,(19,30)-START",,,,3,False,True
0,6,0.232,11,22,28.2,1.757735522488605,1,"4,(12,23)-WIN",,,-0.776,0,False,True
0,11,0.648,4,6,17.2,1.757735522488605,1,"1,(4,6)-START",,,,4,False,True
0,8,-0.613,47,41,14.2,1.757735522488605,1,"1,(47,41)-START",,,,1,False,True
0,44,0.971,25,36,13.2,1.757735522488605,1,2-STAY,,,,0,False,True
0,42,-0.199,43,48,14.2,1.757735522488605,1,"1,(43,48)-START",,,,1,False,True
0,10,-0.974,10,30,13.2,1.757735522488605,1,2-STAY,,,,0,False,True
0,29,-0.113,42,38,13.2,1.757735522488605,1,2-STAY,,,,0,False,True
0,36,0.115,45,4,17.2,1.757735522488605,1,"1,(45,4)-START",,,,4,False,True
0,38,0.407,18,37,13.2,1.757735522488605,1,2-STAY,,,,0,False,True
0,49,-0.478,13,26,13.2,1.757735522488605,1,2-STAY,,,,0,False,True
0,27,-0.032,30,37,13.2,1.757735522488605,1,2-STAY,,,,0,False,True
0,45,0.105,43,21,13.2,1.757735522488605,1,2-STAY,,,,0,False,True
0,31,-0.494,45,18,13.2,1.757735522488605,1,2-STAY,,,,0,False,True
0,13,0.864,35,29,13.2,1.757735522488605,1,2-STAY,,,,0,False,True
0,46,0.485,26,32,13.2,1.757735522488605,1,2-STAY,,,,0,False,True
0,7,0.571,24,28,13.2,1.757735522488605,1,"1,(22,28)-START",22,28,,0,False,True
0,40,-0.966,30,24,13.2,1.757735522488605,1,2-STAY,,,,0,False,True
0,26,0.812,16,14,13.2,1.757735522488605,1,"1,(15,14)-START",15,14,,0,False,True
0,39,0.457,42,28,26.5,1.757735522488605,1,"4,(43,27)-WIN",,,0.864,0,False,True
0,16,-0.643,35,49,13.2,1.757735522488605,1,2-STAY,,,,0,False,True
0,23,-0.345,42,1,14.2,1.757735522488605,1,"1,(42,1)-START",,,,1,False,True
0,5,-0.044,16,2,13.2,1.757735522488605,1,2-STAY,,,,0,False,True
0,43,-0.365,40,24,13.2,1.757735522488605,1,2-STAY,,,,0,False,True
0,22,0.661,19,34,13.2,1.757735522488605,1,2-STAY,,,,0,False,True
0,9,-0.124,47,1,14.2,1.757735522488605,1,"1,(46,1)-START",46,1,,1,False,True
0,34,-0.977,29,47,0,1.757735522488605,0,"4,(29,46)",,,0.392,0,False,False
0,30,-0.295,12,36,14.2,1.757735522488605,1,"1,(12,36)-START",,,,1,False,True
0,4,-0.943,1,7,14.2,1.757735522488605,1,"1,(2,7)-START",2,7,,1,False,True
0,28,-0.355,34,4,14.2,1.757735522488605,1,"1,(34,5)-START",34,5,,1,False,True
0,0,0.392,29,46,28.2,1.757735522488605,1,"4,(29,47)-FAIL",,,,0,False,True
0,20,0.864,2,30,13.2,1.757735522488605,1,2-STAY,,,,0,False,True
0,2,-0.226,42,23,13.2,1.757735522488605,1,2-STAY,,,,0,False,True
0,17,-0.009,21,28,16.2,1.757735522488605,1,"1,(21,28)-START",,,,3,False,True
0,33,-0.775,27,11,13.2,1.757735522488605,1,2-STAY,,,,0,False,True
0,3,0.394,17,25,13.2,1.757735522488605,1,2-STAY,,,,0,False,True
0,21,-0.801,41,34,13.2,1.757735522488605,1,2-STAY,,,,0,False,True
0,35,0.355,42,9,14.2,1.757735522488605,1,"1,(42,9)-START",,,,1,False,True
0,48,-0.216,0,8,13.2,1.757735522488605,1,"4,(0,7)-FAIL",,,,0,False,True
0,25,0.121,37,26,13.2,1.757735522488605,1,2-STAY,,,,0,False,True
1,27,-0.032,30,37,11.5,1.757735522488605,2,2-STAY,,,,0,False,True
1,13,0.864,35,29,11.5,1.757735522488605,2,2-STAY,,,,0,False,True
1,5,-0.044,16,2,11.5,1.757735522488605,2,2-STAY,,,,0,False,True
1,44,0.971,25,36,11.5,1.757735522488605,2,2-STAY,,,,0,False,True
1,20,0.864,2,30,11.5,1.757735522488605,2,2-STAY,,,,0,False,True
1,47,0.213,18,30,15.5,1.757735522488605,2,"1,(18,31)-START",18,31,,1,False,True
1,35,0.355,42,8,14.5,1.757735522488605,2,"1,(42,8)-START",,,,2,False,True
1,16,-0.643,35,49,11.5,1.757735522488605,2,2-STAY,,,,0,False,True
1,9,-0.124,46,1,13.5,1.757735522488605,2,TRAVELING,,,,1,False,True
1,28,-0.355,35,4,13.5,1.757735522488605,2,TRAVELING,34,5,,1,False,True
1,3,0.394,17,25,11.5,1.757735522488605,2,2-STAY,,,,0,False,True
1,6,0.232,11,22,26.5,1.757735522488605,2,2-STAY,,,,0,False,True
1,26,0.812,15,14,12.5,1.757735522488605,2,TRAVELING,,,,1,False,True
1,32,0.1,48,8,12.5,1.757735522488605,2,"1,(48,8)-START",,,,1,False,True
1,2,-0.226,42,23,11.5,1.757735522488605,2,2-STAY,,,,0,False,True
1,11,0.648,5,6,19.5,1.757735522488605,2,"1,(5,6)-START",,,,4,False,True
1,0,0.392,29,46,26.5,1.757735522488605,2,2-STAY,,,,0,False,True
1,45,0.105,43,21,11.5,1.757735522488605,2,2-STAY,,,,0,False,True
1,41,-0.441,47,44,14.5,1.757735522488605,2,"1,(46,44)-START",46,44,,2,False,True
1,31,-0.494,45,18,11.5,1.757735522488605,2,2-STAY,,,,0,False,True
1,12,-0.785,47,37,11.5,1.757735522488605,2,2-STAY,,,,0,False,True
1,38,0.407,18,37,11.5,1.757735522488605,2,2-STAY,,,,0,False,True
1,30,-0.295,12,37,15.5,1.757735522488605,2,"1,(12,37)-START",,,,3,False,True
1,7,0.571,23,28,11.5,1.757735522488605,2,TRAVELING,22,28,,0,False,True
1,36,0.115,44,4,19.5,1.757735522488605,2,"1,(44,4)-START",,,,4,False,True
1,1,-0.315,33,40,11.5,1.757735522488605,2,2-STAY,,,,0,False,True
1,49,-0.478,13,26,11.5,1.757735522488605,2,2-STAY,,,,0,False,True
1,39,0.457,42,28,24.7,1.757735522488605,2,2-STAY,,,,0,False,True
1,48,-0.216,1,8,12.5,1.757735522488605,2,"1,(1,8)-START",,,,1,False,True
1,17,-0.009,21,28,15.5,1.757735522488605,2,2-STAY,,,,1,False,True
1,37,0.919,32,48,26.5,1.757735522488605,2,2-STAY,,,,0,False,True
1,33,-0.775,27,11,11.5,1.757735522488605,2,2-STAY,,,,0,False,True
1,25,0.121,37,26,11.5,1.757735522488605,2,2-STAY,,,,0,False,True
1,40,-0.966,30,24,11.5,1.757735522488605,2,2-STAY,,,,0,False,True
1,8,-0.613,47,41,13.5,1.757735522488605,2,2-STAY,,,,1,False,True
1,10,-0.974,10,30,11.5,1.757735522488605,2,2-STAY,,,,0,False,True
1,4,-0.943,2,7,14.5,1.757735522488605,2,TRAVELING,,,,2,False,True
1,43,-0.365,40,24,11.5,1.757735522488605,2,2-STAY,,,,0,False,True
1,19,0.66,0,27,11.5,1.757735522488605,2,2-STAY,,,,0,False,True
1,24,0.759,34,5,15.5,1.757735522488605,2,"4,(34,4)-FAIL",,,,1,False,True
1,21,-0.801,41,34,11.5,1.757735522488605,2,2-STAY,,,,0,False,True
1,22,0.661,19,34,11.5,1.757735522488605,2,2-STAY,,,,0,False,True
1,29,-0.113,42,38,11.5,1.757735522488605,2,2-STAY,,,,0,False,True
1,46,0.485,26,32,11.5,1.757735522488605,2,2-STAY,,,,0,False,True
1,23,-0.345,42,2,14.5,1.757735522488605,2,"1,(42,2)-START",,,,2,False,True
1,42,-0.199,43,47,14.5,1.757735522488605,2,"1,(43,46)-START",43,46,,2,False,True
2,28,-0.355,34,4,12.7,1.757735522488605,3,TRAVELING,34,5,,1,False,True
2,40,-0.966,30,24,9.7,1.757735522488605,3,2-STAY,,,,0,False,True
2,6,0.232,11,22,24.7,1.757735522488605,3,2-STAY,,,,0,False,True
2,9,-0.124,46,2,13.7,1.757735522488605,3,"1,(46,2)-START",,,,2,False,True
2,1,-0.315,33,40,9.7,1.757735522488605,3,2-STAY,,,,0,False,True
2,0,0.392,29,46,24.7,1.757735522488605,3,2-STAY,,,,0,False,True
2,47,0.213,18,31,16.7,1.757735522488605,3,TRAVELING,,,,3,False,True
2,38,0.407,18,37,9.7,1.757735522488605,3,2-STAY,,,,0,False,True
2,16,-0.643,35,49,9.7,1.757735522488605,3,2-STAY,,,,0,False,True
2,26,0.812,14,14,13.7,1.757735522488605,3,"1,(14,14)-START",,,,3,False,True
2,19,0.66,0,27,9.7,1.757735522488605,3,2-STAY,,,,0,False,True
2,33,-0.775,27,11,9.7,1.757735522488605,3,2-STAY,,,,0,False,True
2,2,-0.226,42,23,9.7,1.757735522488605,3,2-STAY,,,,0,False,True
2,20,0.864,2,30,9.7,1.757735522488605,3,2-STAY,,,,0,False,True
2,27,-0.032,30,37,9.7,1.757735522488605,3,2-STAY,,,,0,False,True
2,29,-0.113,42,38,9.7,1.757735522488605,3,2-STAY,,,,0,False,True
2,42,-0.199,43,46,15.7,1.757735522488605,3,TRAVELING,,,,3,False,True
2,4,-0.943,3,7,15.7,1.757735522488605,3,"1,(3,7)-START",,,,3,False,True
2,37,0.919,32,48,24.7,1.757735522488605,3,2-STAY,,,,0,False,True
2,39,0.457,42,28,23.0,1.757735522488605,3,2-STAY,,,,0,False,True
2,7,0.571,22,28,10.7,1.757735522488605,3,TRAVELING,,,,1,False,True
2,35,0.355,42,9,13.7,1.757735522488605,3,"1,(42,9)-START",,,,1,False,True
2,17,-0.009,20,28,14.7,1.757735522488605,3,"1,(20,29)-START",20,29,,1,False,True
2,43,-0.365,40,24,9.7,1.757735522488605,3,2-STAY,,,,0,False,True
2,32,0.1,47,8,11.7,1.757735522488605,3,"1,(47,8)-START",,,,1,False,True
2,23,-0.345,42,3,15.7,1.757735522488605,3,"1,(42,3)-START",,,,3,False,True
2,45,0.105,43,21,9.7,1.757735522488605,3,2-STAY,,,,0,False,True
2,30,-0.295,12,37,13.7,1.757735522488605,3,2-STAY,,,,0,False,True
2,24,0.759,34,5,13.7,1.757735522488605,3,"4,(35,4)-FAIL",,,,0,False,True
2,8,-0.613,47,41,11.7,1.757735522488605,3,2-STAY,,,,0,False,True
2,11,0.648,5,5,22.7,1.757735522488605,3,"1,(5,5)-START",,,,5,False,True
2,31,-0.494,45,18,9.7,1.757735522488605,3,2-STAY,,,,0,False,True
2,13,0.864,35,29,9.7,1.757735522488605,3,2-STAY,,,,0,False,True
2,22,0.661,19,34,9.7,1.757735522488605,3,2-STAY,,,,0,False,True
2,3,0.394,17,25,9.7,1.757735522488605,3,2-STAY,,,,0,False,True
2,48,-0.216,2,8,11.7,1.757735522488605,3,"1,(2,8)-START",,,,1,False,True
2,44,0.971,25,36,9.7,1.757735522488605,3,2-STAY,,,,0,False,True
2,12,-0.785,47,37,9.7,1.757735522488605,3,2-STAY,,,,0,False,True
2,49,-0.478,13,26,9.7,1.757735522488605,3,2-STAY,,,,0,False,True
2,25,0.121,37,26,9.7,1.757735522488605,3,2-STAY,,,,0,False,True
2,21,-0.801,41,34,9.7,1.757735522488605,3,2-STAY,,,,0,False,True
2,5,-0.044,16,2,9.7,1.757735522488605,3,2-STAY,,,,0,False,True
2,41,-0.441,46,44,15.7,1.757735522488605,3,TRAVELING,,,,3,False,True
2,36,0.115,43,4,21.7,1.757735522488605,3,"1,(43,4)-START",,,,4,False,True
2,10,-0.974,10,30,9.7,1.757735522488605,3,2-STAY,,,,0,False,True
2,46,0.485,26,32,9.7,1.757735522488605,3,2-STAY,,,,0,False,True
3,8,-0.613,47,41,11.0,1.757735522488605,4,2-STAY,,,,1,False,True
3,42,-0.199,43,45,18.0,1.757735522488605,4,"1,(43,45)-START",,,,4,False,True
3,19,0.66,0,27,8.0,1.757735522488605,4,2-STAY,,,,0,False,True
3,2,-0.226,42,23,8.0,1.757735522488605,4,2-STAY,,,,0,False,True
3,47,0.213,17,31,16.0,1.757735522488605,4,"1,(17,32)-START",17,32,,1,False,True
3,28,-0.355,35,4,12.0,1.757735522488605,4,TRAVELING,34,5,,1,False,True
3,43,-0.365,40,24,8.0,1.757735522488605,4,2-STAY,,,,0,False,True
3,16,-0.643,35,49,8.0,1.757735522488605,4,2-STAY,,,,0,False,True
3,48,-0.216,3,8,12.0,1.757735522488605,4,"1,(3,8)-START",,,,2,False,True
3,4,-0.943,4,7,17.0,1.757735522488605,4,"1,(4,7)-START",,,,3,False,True
3,1,-0.315,33,40,8.0,1.757735522488605,4,2-STAY,,,,0,False,True
3,22,0.661,19,34,8.0,1.757735522488605,4,2-STAY,,,,0,False,True
3,6,0.232,11,22,23.0,1.757735522488605,4,2-STAY,,,,0,False,True
3,3,0.394,17,25,8.0,1.757735522488605,4,2-STAY,,,,0,False,True
3,29,-0.113,42,38,8.0,1.757735522488605,4,2-STAY,,,,0,False,True
3,44,0.971,25,36,8.0,1.757735522488605,4,2-STAY,,,,0,False,True
3,31,-0.494,45,18,8.0,1.757735522488605,4,2-STAY,,,,0,False,True
3,10,-0.974,10,30,8.0,1.757735522488605,4,2-STAY,,,,0,False,True
3,20,0.864,2,30,8.0,1.757735522488605,4,2-STAY,,,,0,False,True
3,9,-0.124,45,2,14.0,1.757735522488605,4,"1,(45,2)-START",,,,2,False,True
3,49,-0.478,13,26,8.0,1.757735522488605,4,2-STAY,,,,0,False,True
3,17,-0.009,20,29,16.0,1.757735522488605,4,TRAVELING,,,,3,False,True
3,12,-0.785,47,37,8.0,1.757735522488605,4,2-STAY,,,,0,False,True
3,45,0.105,43,21,8.0,1.757735522488605,4,2-STAY,,,,0,False,True
3,36,0.115,42,4,23.0,1.757735522488605,4,"1,(42,3)-START",42,3,,3,False,True
3,37,0.919,32,48,23.0,1.757735522488605,4,2-STAY,,,,0,False,True
3,46,0.485,26,32,8.0,1.757735522488605,4,2-STAY,,,,0,False,True
3,7,0.571,22,27,12.0,1.757735522488605,4,"1,(22,27)-START",,,,3,False,True
3,11,0.648,4,5,25.0,1.757735522488605,4,"1,(4,5)-START",,,,4,False,True
3,26,0.812,14,14,13.0,1.757735522488605,4,2-STAY,,,,1,False,True
3,32,0.1,46,8,12.0,1.757735522488605,4,"1,(46,8)-START",,,,2,False,True
3,35,0.355,42,8,13.0,1.757735522488605,4,"1,(42,8)-START",,,,1,False,True
3,27,-0.032,30,37,8.0,1.757735522488605,4,2-STAY,,,,0,False,True
3,24,0.759,34,5,13.0,1.757735522488605,4,2-STAY,,,,1,False,True
3,5,-0.044,16,2,8.0,1.757735522488605,4,2-STAY,,,,0,False,True
3,23,-0.345,43,3,17.0,1.757735522488605,4,"1,(42,4)-START",42,4,,3,False,True
3,33,-0.775,27,11,8.0,1.757735522488605,4,2-STAY,,,,0,False,True
3,40,-0.966,30,24,8.0,1.757735522488605,4,2-STAY,,,,0,False,True
3,38,0.407,18,37,8.0,1.757735522488605,4,2-STAY,,,,0,False,True
3,13,0.864,35,29,8.0,1.757735522488605,4,2-STAY,,,,0,False,True
3,25,0.121,37,26,8.0,1.757735522488605,4,2-STAY,,,,0,False,True
3,39,0.457,42,28,21.2,1.757735522488605,4,2-STAY,,,,0,False,True
3,30,-0.295,12,37,13.0,1.757735522488605,4,2-STAY,,,,1,False,True
3,21,-0.801,41,34,8.0,1.757735522488605,4,2-STAY,,,,0,False,True
3,0,0.392,29,46,23.0,1.757735522488605,4,2-STAY,,,,0,False,True
3,41,-0.441,45,44,18.0,1.757735522488605,4,"1,(45,44)-START",,,,4,False,True
4,36,0.115,42,3,22.2,1.757735522488605,5,TRAVELING,,,,1,False,True
4,35,0.355,42,7,14.2,1.757735522488605,5,"1,(42,7)-START",,,,3,False,True
4,25,0.121,37,26,6.2,1.757735522488605,5,2-STAY,,,,0,False,True
4,4,-0.943,5,7,18.2,1.757735522488605,5,"1,(5,7)-START",,,,3,False,True
4,28,-0.355,34,4,11.2,1.757735522488605,5,TRAVELING,34,5,,1,False,True
4,23,-0.345,43,4,16.2,1.757735522488605,5,TRAVELING,42,4,,1,False,True
4,19,0.66,0,27,6.2,1.757735522488605,5,2-STAY,,,,0,False,True
4,46,0.485,26,32,6.2,1.757735522488605,5,2-STAY,,,,0,False,True
4,24,0.759,35,5,14.2,1.757735522488605,5,"1,(35,4)-START",35,4,,3,False,True
4,6,0.232,11,22,21.2,1.757735522488605,5,2-STAY,,,,0,False,True
4,7,0.571,23,27,11.2,1.757735522488605,5,"1,(23,27)-START",,,,1,False,True
4,38,0.407,18,37,6.2,1.757735522488605,5,2-STAY,,,,0,False,True
4,22,0.661,19,34,6.2,1.757735522488605,5,2-STAY,,,,0,False,True
4,39,0.457,42,28,19.5,1.757735522488605,5,2-STAY,,,,0,False,True
4,11,0.648,4,6,25.2,1.757735522488605,5,"1,(4,6)-START",,,,2,False,True
4,31,-0.494,45,18,6.2,1.757735522488605,5,2-STAY,,,,0,False,True
4,41,-0.441,44,44,21.2,1.757735522488605,5,"1,(44,44)-START",,,,5,False,True
4,44,0.971,25,36,6.2,1.757735522488605,5,2-STAY,,,,0,False,True
4,27,-0.032,30,37,6.2,1.757735522488605,5,2-STAY,,,,0,False,True
4,17,-0.009,19,29,15.2,1.757735522488605,5,"1,(19,30)-START",19,30,,1,False,True
4,13,0.864,35,29,6.2,1.757735522488605,5,2-STAY,,,,0,False,True
4,37,0.919,32,48,21.2,1.757735522488605,5,2-STAY,,,,0,False,True
4,45,0.105,43,21,6.2,1.757735522488605,5,2-STAY,,,,0,False,True
4,3,0.394,17,25,6.2,1.757735522488605,5,2-STAY,,,,0,False,True
4,48,-0.216,4,8,12.2,1.757735522488605,5,"1,(4,7)-START",4,7,,2,False,True
4,33,-0.775,27,11,6.2,1.757735522488605,5,2-STAY,,,,0,False,True
4,30,-0.295,12,37,11.2,1.757735522488605,5,2-STAY,,,,0,False,True
4,12,-0.785,47,37,6.2,1.757735522488605,5,2-STAY,,,,0,False,True
4,47,0.213,17,32,17.2,1.757735522488605,5,TRAVELING,,,,3,False,True
4,9,-0.124,44,2,14.2,1.757735522488605,5,"1,(44,2)-START",,,,2,False,True
4,16,-0.643,35,49,6.2,1.757735522488605,5,2-STAY,,,,0,False,True
4,26,0.812,14,14,11.2,1.757735522488605,5,2-STAY,,,,0,False,True
4,8,-0.613,46,41,11.2,1.757735522488605,5,"1,(46,41)-START",,,,2,False,True
4,0,0.392,29,46,21.2,1.757735522488605,5,2-STAY,,,,0,False,True
4,32,0.1,45,8,12.2,1.757735522488605,5,"1,(45,8)-START",,,,2,False,True
4,40,-0.966,30,24,6.2,1.757735522488605,5,2-STAY,,,,0,False,True
4,5,-0.044,16,2,6.2,1.757735522488605,5,2-STAY,,,,0,False,True
4,43,-0.365,40,24,6.2,1.757735522488605,5,2-STAY,,,,0,False,True
4,49,-0.478,13,26,6.2,1.757735522488605,5,2-STAY,,,,0,False,True
4,1,-0.315,33,40,6.2,1.757735522488605,5,2-STAY,,,,0,False,True
4,10,-0.974,10,30,6.2,1.757735522488605,5,2-STAY,,,,0,False,True
4,21,-0.801,41,34,6.2,1.757735522488605,5,2-STAY,,,,0,False,True
4,2,-0.226,42,23,6.2,1.757735522488605,5,2-STAY,,,,0,False,True
4,29,-0.113,42,38,6.2,1.757735522488605,5,2-STAY,,,,0,False,True
4,20,0.864,2,30,6.2,1.757735522488605,5,2-STAY,,,,0,False,True
4,42,-0.199,42,45,19.2,1.757735522488605,5,"1,(42,45)-START",,,,3,False,True
5,27,-0.032,30,37,4.5,1.757735522488605,6,2-STAY,,,,0,False,True
5,7,0.571,23,26,12.5,1.757735522488605,6,"1,(23,26)-START",,,,3,False,True
5,42,-0.199,42,45,18.5,1.757735522488605,6,2-STAY,,,,1,False,True
5,22,0.661,19,34,4.5,1.757735522488605,6,2-STAY,,,,0,False,True
5,5,-0.044,16,2,4.5,1.757735522488605,6,2-STAY,,,,0,False,True
5,23,-0.345,42,4,15.5,1.757735522488605,6,TRAVELING,,,,1,False,True
5,49,-0.478,13,26,4.5,1.757735522488605,6,2-STAY,,,,0,False,True
5,2,-0.226,42,23,4.5,1.757735522488605,6,2-STAY,,,,0,False,True
5,19,0.66,0,27,4.5,1.757735522488605,6,2-STAY,,,,0,False,True
5,48,-0.216,4,7,11.5,1.757735522488605,6,TRAVELING,,,,1,False,True
5,17,-0.009,19,30,16.5,1.757735522488605,6,TRAVELING,,,,3,False,True
5,13,0.864,35,29,4.5,1.757735522488605,6,2-STAY,,,,0,False,True
5,47,0.213,16,32,16.5,1.757735522488605,6,"1,(16,33)-START",16,33,,1,False,True
5,41,-0.441,43,44,23.5,1.757735522488605,6,"1,(42,44)-START",42,44,,4,False,True
5,8,-0.613,45,41,11.5,1.757735522488605,6,"1,(45,41)-START",,,,2,False,True
5,9,-0.124,45,2,13.5,1.757735522488605,6,"1,(46,2)-START",46,2,,1,False,True
5,10,-0.974,10,30,4.5,1.757735522488605,6,2-STAY,,,,0,False,True
5,33,-0.775,27,11,4.5,1.757735522488605,6,2-STAY,,,,0,False,True
5,31,-0.494,45,18,4.5,1.757735522488605,6,2-STAY,,,,0,False,True
5,4,-0.943,5,7,17.5,1.757735522488605,6,2-STAY,,,,1,False,True
5,25,0.121,37,26,4.5,1.757735522488605,6,2-STAY,,,,0,False,True
5,36,0.115,43,3,21.5,1.757735522488605,6,"1,(43,4)-START",43,4,,1,False,True
5,20,0.864,2,30,4.5,1.757735522488605,6,2-STAY,,,,0,False,True
5,0,0.392,29,46,19.5,1.757735522488605,6,2-STAY,,,,0,False,True
5,45,0.105,43,21,4.5,1.757735522488605,6,2-STAY,,,,0,False,True
5,6,0.232,11,22,19.5,1.757735522488605,6,2-STAY,,,,0,False,True
5,1,-0.315,33,40,4.5,1.757735522488605,6,2-STAY,,,,0,False,True
5,29,-0.113,42,38,4.5,1.757735522488605,6,2-STAY,,,,0,False,True
5,28,-0.355,34,5,10.5,1.757735522488605,6,TRAVELING,,,,1,False,True
5,26,0.812,14,14,10.5,1.757735522488605,6,2-STAY,,,,1,False,True
5,12,-0.785,47,37,4.5,1.757735522488605,6,2-STAY,,,,0,False,True
5,44,0.971,25,36,4.5,1.757735522488605,6,2-STAY,,,,0,False,True
5,46,0.485,26,32,4.5,1.757735522488605,6,2-STAY,,,,0,False,True
5,32,0.1,44,8,12.5,1.757735522488605,6,"1,(44,8)-START",,,,2,False,True
5,11,0.648,5,6,25.5,1.757735522488605,6,"1,(5,5)-START",5,5,,2,False,True
5,3,0.394,17,25,4.5,1.757735522488605,6,2-STAY,,,,0,False,True
5,24,0.759,35,4,13.5,1.757735522488605,6,TRAVELING,,,,1,False,True
5,30,-0.295,12,37,10.5,1.757735522488605,6,2-STAY,,,,1,False,True
5,43,-0.365,40,24,4.5,1.757735522488605,6,2-STAY,,,,0,False,True
5,39,0.457,42,28,17.7,1.757735522488605,6,2-STAY,,,,0,False,True
5,38,0.407,18,37,4.5,1.757735522488605,6,2-STAY,,,,0,False,True
5,16,-0.643,35,49,4.5,1.757735522488605,6,2-STAY,,,,0,False,True
5,40,-0.966,30,24,4.5,1.757735522488605,6,2-STAY,,,,0,False,True
5,37,0.919,32,48,19.5,1.757735522488605,6,2-STAY,,,,0,False,True
5,35,0.355,41,7,14.5,1.757735522488605,6,"1,(41,8)-START",41,8,,2,False,True
5,21,-0.801,41,34,4.5,1.757735522488605,6,2-STAY,,,,0,False,True
6,33,-0.775,27,11,2.7,1.757735522488605,7,2-STAY,,,,0,False,True
6,27,-0.032,30,37,2.7,1.757735522488605,7,2-STAY,,,,0,False,True
6,5,-0.044,16,2,2.7,1.757735522488605,7,2-STAY,,,,0,False,True
6,28,-0.355,35,5,9.7,1.757735522488605,7,"1,(35,4)-START",35,4,,1,False,True
6,3,0.394,17,25,2.7,1.757735522488605,7,2-STAY,,,,0,False,True
6,43,-0.365,40,24,2.7,1.757735522488605,7,2-STAY,,,,0,False,True
6,47,0.213,16,33,17.7,1.757735522488605,7,TRAVELING,,,,3,False,True
6,42,-0.199,43,45,17.7,1.757735522488605,7,"1,(43,44)-START",43,44,,1,False,True
6,17,-0.009,18,30,15.7,1.757735522488605,7,"1,(18,30)-START",,,,1,False,True
6,32,0.1,43,8,12.7,1.757735522488605,7,"1,(43,8)-START",,,,2,False,True
6,41,-0.441,42,44,24.7,1.757735522488605,7,TRAVELING,,,,3,False,True
6,20,0.864,2,30,2.7,1.757735522488605,7,2-STAY,,,,0,False,True
6,37,0.919,32,48,17.7,1.757735522488605,7,2-STAY,,,,0,False,True
6,12,-0.785,47,37,2.7,1.757735522488605,7,2-STAY,,,,0,False,True
6,19,0.66,0,27,2.7,1.757735522488605,7,2-STAY,,,,0,False,True
6,45,0.105,43,21,2.7,1.757735522488605,7,2-STAY,,,,0,False,True
6,48,-0.216,3,7,11.7,1.757735522488605,7,"1,(5,7)-START",5,7,,2,False,True
6,35,0.355,41,8,15.7,1.757735522488605,7,TRAVELING,,,,3,False,True
6,39,0.457,42,28,15.9,1.757735522488605,7,2-STAY,,,,0,False,True
6,6,0.232,11,22,17.7,1.757735522488605,7,2-STAY,,,,0,False,True
6,30,-0.295,12,37,8.7,1.757735522488605,7,2-STAY,,,,0,False,True
6,31,-0.494,45,18,2.7,1.757735522488605,7,2-STAY,,,,0,False,True
6,22,0.661,19,34,2.7,1.757735522488605,7,2-STAY,,,,0,False,True
6,26,0.812,14,14,8.7,1.757735522488605,7,2-STAY,,,,0,False,True
6,16,-0.643,35,49,2.7,1.757735522488605,7,2-STAY,,,,0,False,True
6,29,-0.113,42,38,2.7,1.757735522488605,7,2-STAY,,,,0,False,True
6,13,0.864,35,29,2.7,1.757735522488605,7,2-STAY,,,,0,False,True
6,10,-0.974,10,30,2.7,1.757735522488605,7,2-STAY,,,,0,False,True
6,46,0.485,26,32,2.7,1.757735522488605,7,2-STAY,,,,0,False,True
6,44,0.971,25,36,2.7,1.757735522488605,7,2-STAY,,,,0,False,True
6,23,-0.345,42,5,16.7,1.757735522488605,7,"1,(42,5)-START",,,,3,False,True
6,21,-0.801,41,34,2.7,1.757735522488605,7,2-STAY,,,,0,False,True
6,40,-0.966,30,24,2.7,1.757735522488605,7,2-STAY,,,,0,False,True
6,1,-0.315,33,40,2.7,1.757735522488605,7,2-STAY,,,,0,False,True
6,36,0.115,43,4,20.7,1.757735522488605,7,TRAVELING,,,,1,False,True
6,4,-0.943,6,7,18.7,1.757735522488605,7,"1,(6,7)-START",,,,3,False,True
6,25,0.121,37,26,2.7,1.757735522488605,7,2-STAY,,,,0,False,True
6,49,-0.478,13,26,2.7,1.757735522488605,7,2-STAY,,,,0,False,True
6,7,0.571,23,26,10.7,1.757735522488605,7,2-STAY,,,,0,False,True
6,9,-0.124,46,2,13.7,1.757735522488605,7,TRAVELING,,,,2,False,True
6,8,-0.613,44,41,11.7,1.757735522488605,7,"1,(44,41)-START",,,,2,False,True
6,24,0.759,36,4,12.7,1.757735522488605,7,"1,(35,5)-START",35,5,,1,False,True
6,2,-0.226,42,23,2.7,1.757735522488605,7,2-STAY,,,,0,False,True
6,11,0.648,5,5,25.7,1.757735522488605,7,TRAVELING,,,,2,False,True
6,38,0.407,18,37,2.7,1.757735522488605,7,2-STAY,,,,0,False,True
6,0,0.392,29,46,17.7,1.757735522488605,7,2-STAY,,,,0,False,True
7,5,-0.044,16,2,0.9,1.757735522488605,8,2-STAY,,,,0,False,True
7,24,0.759,35,4,11.9,1.757735522488605,8,TRAVELING,35,5,,1,False,True
7,8,-0.613,44,41,10.9,1.757735522488605,8,2-STAY,,,,1,False,True
7,1,-0.315,33,40,0.9,1.757735522488605,8,2-STAY,,,,0,False,True
7,36,0.115,42,4,19.9,1.757735522488605,8,"1,(42,5)-START",42,5,,1,False,True
7,16,-0.643,35,49,0.9,1.757735522488605,8,2-STAY,,,,0,False,True
7,12,-0.785,47,37,0.9,1.757735522488605,8,2-STAY,,,,0,False,True
7,28,-0.355,36,5,10.9,1.757735522488605,8,TRAVELING,35,4,,3,False,True
7,23,-0.345,43,5,18.9,1.757735522488605,8,"1,(43,5)-START",,,,4,False,True
7,35,0.355,42,8,15.9,1.757735522488605,8,"1,(42,7)-START",42,7,,2,False,True
7,21,-0.801,41,34,0.9,1.757735522488605,8,2-STAY,,,,0,False,True
7,45,0.105,43,21,0.9,1.757735522488605,8,2-STAY,,,,0,False,True
7,29,-0.113,42,38,0.9,1.757735522488605,8,2-STAY,,,,0,False,True
7,7,0.571,24,26,9.9,1.757735522488605,8,"1,(24,26)-START",,,,1,False,True
7,39,0.457,42,28,14.2,1.757735522488605,8,2-STAY,,,,0,False,True
7,31,-0.494,45,18,0.9,1.757735522488605,8,2-STAY,,,,0,False,True
7,2,-0.226,42,23,0.9,1.757735522488605,8,2-STAY,,,,0,False,True
7,17,-0.009,18,31,16.9,1.757735522488605,8,"1,(18,31)-START",,,,3,False,True
7,43,-0.365,40,24,0.9,1.757735522488605,8,2-STAY,,,,0,False,True
7,10,-0.974,10,30,0.9,1.757735522488605,8,2-STAY,,,,0,False,True
7,6,0.232,11,22,15.9,1.757735522488605,8,2-STAY,,,,0,False,True
7,33,-0.775,27,11,0.9,1.757735522488605,8,2-STAY,,,,0,False,True
7,20,0.864,2,30,0.9,1.757735522488605,8,2-STAY,,,,0,False,True
7,48,-0.216,4,7,10.9,1.757735522488605,8,TRAVELING,5,7,,1,False,True
7,42,-0.199,43,44,16.9,1.757735522488605,8,TRAVELING,,,,1,False,True
7,11,0.648,4,5,25.9,1.757735522488605,8,"1,(4,4)-START",4,4,,2,False,True
7,44,0.971,25,36,0.9,1.757735522488605,8,2-STAY,,,,0,False,True
7,38,0.407,18,37,0.9,1.757735522488605,8,2-STAY,,,,0,False,True
7,37,0.919,32,48,15.9,1.757735522488605,8,2-STAY,,,,0,False,True
7,49,-0.478,13,26,0.9,1.757735522488605,8,2-STAY,,,,0,False,True
7,32,0.1,44,8,11.9,1.757735522488605,8,"1,(42,8)-START",42,8,,1,False,True
7,26,0.812,14,14,7.9,1.757735522488605,8,2-STAY,,,,1,False,True
7,47,0.213,15,33,16.9,1.757735522488605,8,"1,(15,34)-START",15,34,,1,False,True
7,27,-0.032,30,37,0.9,1.757735522488605,8,2-STAY,,,,0,False,True
7,30,-0.295,12,37,7.9,1.757735522488605,8,2-STAY,,,,1,False,True
7,41,-0.441,42,45,23.9,1.757735522488605,8,"1,(43,45)-START",43,45,,1,False,True
7,46,0.485,26,32,0.9,1.757735522488605,8,2-STAY,,,,0,False,True
7,40,-0.966,30,24,0.9,1.757735522488605,8,2-STAY,,,,0,False,True
7,13,0.864,35,29,0.9,1.757735522488605,8,2-STAY,,,,0,False,True
7,19,0.66,0,27,0.9,1.757735522488605,8,2-STAY,,,,0,False,True
7,4,-0.943,6,7,17.9,1.757735522488605,8,2-STAY,,,,1,False,True
7,25,0.121,37,26,0.9,1.757735522488605,8,2-STAY,,,,0,False,True
7,22,0.661,19,34,0.9,1.757735522488605,8,2-STAY,,,,0,False,True
7,3,0.394,17,25,0.9,1.757735522488605,8,2-STAY,,,,0,False,True
7,9,-0.124,45,2,12.9,1.757735522488605,8,"1,(45,2)-START",,,,1,False,True
7,0,0.392,29,46,15.9,1.757735522488605,8,2-STAY,,,,0,False,True
8,44,0.971,25,36,0,1.757735522488605,9,2-STAY,,,,0,False,False
8,47,0.213,15,34,18.2,1.757735522488605,9,TRAVELING,,,,3,False,True
8,33,-0.775,27,11,0,1.757735522488605,9,2-STAY,,,,0,False,False
8,11,0.648,4,4,28.2,1.757735522488605,9,TRAVELING,,,,4,False,True
8,45,0.105,43,21,0,1.757735522488605,9,2-STAY,,,,0,False,False
8,8,-0.613,43,41,11.2,1.757735522488605,9,"1,(43,41)-START",,,,2,False,True
8,7,0.571,24,25,11.2,1.757735522488605,9,"1,(24,24)-START",24,24,,3,False,True
8,22,0.661,19,34,0,1.757735522488605,9,2-STAY,,,,0,False,False
8,3,0.394,17,25,0,1.757735522488605,9,2-STAY,,,,0,False,False
8,35,0.355,42,7,16.2,1.757735522488605,9,TRAVELING,,,,2,False,True
8,21,-0.801,41,34,0,1.757735522488605,9,2-STAY,,,,0,False,False
8,23,-0.345,42,5,18.2,1.757735522488605,9,"1,(42,4)-START",42,4,,1,False,True
8,4,-0.943,6,7,16.2,1.757735522488605,9,2-STAY,,,,0,False,True
8,37,0.919,32,48,14.2,1.757735522488605,9,2-STAY,,,,0,False,True
8,26,0.812,14,14,6.2,1.757735522488605,9,2-STAY,,,,0,False,True
8,17,-0.009,18,31,15.2,1.757735522488605,9,2-STAY,,,,0,False,True
8,12,-0.785,47,37,0,1.757735522488605,9,2-STAY,,,,0,False,False
8,38,0.407,18,37,0,1.757735522488605,9,2-STAY,,,,0,False,False
8,5,-0.044,16,2,0,1.757735522488605,9,2-STAY,,,,0,False,False
8,6,0.232,11,22,14.2,1.757735522488605,9,2-STAY,,,,0,False,True
8,29,-0.113,42,39,0,1.757735522488605,9,"1,(42,40)-START",42,40,,0,False,False
8,36,0.115,43,4,19.2,1.757735522488605,9,TRAVELING,42,5,,1,False,True
8,10,-0.974,10,30,0,1.757735522488605,9,2-STAY,,,,0,False,False
8,42,-0.199,42,44,16.2,1.757735522488605,9,"1,(42,45)-START",42,45,,1,False,True
8,19,0.66,0,27,0,1.757735522488605,9,2-STAY,,,,0,False,False
8,27,-0.032,30,37,0,1.757735522488605,9,2-STAY,,,,0,False,False
8,41,-0.441,43,45,23.2,1.757735522488605,9,TRAVELING,,,,1,False,True
8,28,-0.355,35,5,10.2,1.757735522488605,9,TRAVELING,35,4,,1,False,True
8,16,-0.643,35,49,0,1.757735522488605,9,2-STAY,,,,0,False,False
8,46,0.485,26,32,0,1.757735522488605,9,2-STAY,,,,0,False,False
8,43,-0.365,40,24,0,1.757735522488605,9,2-STAY,,,,0,False,False
8,9,-0.124,44,2,13.2,1.757735522488605,9,"1,(44,2)-START",,,,2,False,True
8,40,-0.966,30,24,0,1.757735522488605,9,2-STAY,,,,0,False,False
8,49,-0.478,13,26,0,1.757735522488605,9,2-STAY,,,,0,False,False
8,25,0.121,37,26,0,1.757735522488605,9,2-STAY,,,,0,False,False
8,48,-0.216,5,7,10.2,1.757735522488605,9,TRAVELING,,,,1,False,True
8,30,-0.295,12,37,6.2,1.757735522488605,9,2-STAY,,,,0,False,True
8,0,0.392,29,46,14.2,1.757735522488605,9,2-STAY,,,,0,False,True
8,2,-0.226,42,23,0,1.757735522488605,9,2-STAY,,,,0,False,False
8,31,-0.494,45,18,0,1.757735522488605,9,2-STAY,,,,0,False,False
8,20,0.864,2,30,0,1.757735522488605,9,2-STAY,,,,0,False,False
8,32,0.1,43,8,11.2,1.757735522488605,9,TRAVELING,42,8,,1,False,True
8,1,-0.315,33,40,0,1.757735522488605,9,2-STAY,,,,0,False,False
8,13,0.864,35,29,0,1.757735522488605,9,2-STAY,,,,0,False,False
8,39,0.457,42,28,12.4,1.757735522488605,9,2-STAY,,,,0,False,True
8,24,0.759,36,4,11.2,1.757735522488605,9,TRAVELING,35,5,,1,False,True
9,42,-0.199,42,45,15.4,1.757735522488605,10,TRAVELING,,,,1,False,True
9,26,0.812,14,14,5.4,1.757735522488605,10,2-STAY,,,,1,False,True
9,4,-0.943,6,7,25.6,1.757735522488605,10,"4,(5,7)-WIN",,,-0.216,1,False,True
9,37,0.919,32,48,12.4,1.757735522488605,10,2-STAY,,,,0,False,True
9,9,-0.124,45,2,12.4,1.757735522488605,10,"1,(46,2)-START",46,2,,1,False,True
9,24,0.759,35,4,10.4,1.757735522488605,10,TRAVELING,35,5,,1,False,True
9,6,0.232,11,22,12.4,1.757735522488605,10,2-STAY,,,,0,False,True
9,23,-0.345,42,4,17.4,1.757735522488605,10,TRAVELING,,,,1,False,True
9,28,-0.355,36,5,9.4,1.757735522488605,10,TRAVELING,35,4,,1,False,True
9,36,0.115,43,5,18.4,1.757735522488605,10,TRAVELING,42,5,,1,False,True
9,17,-0.009,18,31,14.4,1.757735522488605,10,2-STAY,,,,1,False,True
9,30,-0.295,12,37,5.4,1.757735522488605,10,2-STAY,,,,1,False,True
9,32,0.1,42,8,10.4,1.757735522488605,10,TRAVELING,,,,1,False,True
9,35,0.355,43,7,17.4,1.757735522488605,10,"1,(43,8)-START",43,8,,3,False,True
9,8,-0.613,42,41,11.4,1.757735522488605,10,"1,(42,41)-START",,,,2,False,True
9,41,-0.441,43,44,22.4,1.757735522488605,10,"1,(42,44)-START",42,44,,1,False,True
9,11,0.648,5,4,30.4,1.757735522488605,10,"1,(5,4)-START",,,,4,False,True
9,7,0.571,24,24,12.4,1.757735522488605,10,TRAVELING,,,,3,False,True
9,39,0.457,42,28,10.7,1.757735522488605,10,2-STAY,,,,0,False,True
9,47,0.213,14,34,17.4,1.757735522488605,10,"1,(14,35)-START",14,35,,1,False,True
9,0,0.392,29,46,12.4,1.757735522488605,10,2-STAY,,,,0,False,True
10,9,-0.124,46,2,12.7,1.757735522488605,11,TRAVELING,,,,2,False,True
10,35,0.355,43,8,16.7,1.757735522488605,11,TRAVELING,,,,1,False,True
10,8,-0.613,41,41,12.7,1.757735522488605,11,"1,(41,41)-START",,,,3,False,True
10,17,-0.009,18,31,12.7,1.757735522488605,11,2-STAY,,,,0,False,True
10,24,0.759,35,5,9.7,1.757735522488605,11,TRAVELING,,,,1,False,True
10,42,-0.199,42,45,0,1.757735522488605,10,"4,(43,44)",,,-0.441,0,False,False
10,23,-0.345,43,4,16.7,1.757735522488605,11,"1,(43,5)-START",43,5,,1,False,True
10,26,0.812,14,14,3.7,1.757735522488605,11,2-STAY,,,,0,False,True
10,0,0.392,29,46,10.7,1.757735522488605,11,2-STAY,,,,0,False,True
10,37,0.919,32,48,10.7,1.757735522488605,11,2-STAY,,,,0,False,True
10,11,0.648,4,4,29.7,1.757735522488605,11,"1,(4,3)-START",4,3,,1,False,True
10,32,0.1,42,7,9.7,1.757735522488605,11,"1,(43,7)-START",43,7,,1,False,True
10,36,0.115,42,5,17.7,1.757735522488605,11,TRAVELING,,,,1,False,True
10,28,-0.355,36,4,8.7,1.757735522488605,11,TRAVELING,35,4,,1,False,True
10,6,0.232,11,22,10.7,1.757735522488605,11,2-STAY,,,,0,False,True
10,7,0.571,23,24,11.7,1.757735522488605,11,"1,(23,23)-START",23,23,,1,False,True
10,39,0.457,42,28,8.9,1.757735522488605,11,2-STAY,,,,0,False,True
10,47,0.213,14,35,18.7,1.757735522488605,11,TRAVELING,,,,3,False,True
10,30,-0.295,12,37,3.7,1.757735522488605,11,2-STAY,,,,0,False,True
10,4,-0.943,6,7,23.8,1.757735522488605,11,2-STAY,,,,0,False,True
10,41,-0.441,42,44,37.1,1.757735522488605,11,TRAVELING,,,,1,False,True
11,4,-0.943,6,7,23.1,1.757735522488605,12,2-STAY,,,,1,False,True
11,8,-0.613,41,41,11.9,1.757735522488605,12,2-STAY,,,,1,False,True
11,6,0.232,11,22,8.9,1.757735522488605,12,2-STAY,,,,0,False,True
11,30,-0.295,11,37,2.9,1.757735522488605,12,"1,(11,38)-START",11,38,,1,False,True
11,47,0.213,13,35,17.9,1.757735522488605,12,"1,(13,36)-START",13,36,,1,False,True
11,36,0.115,43,5,16.9,1.757735522488605,12,"1,(44,5)-START",44,5,,1,False,True
11,17,-0.009,18,31,11.9,1.757735522488605,12,2-STAY,,,,1,False,True
11,9,-0.124,45,2,11.9,1.757735522488605,12,"1,(45,2)-START",,,,1,False,True
11,7,0.571,23,23,12.9,1.757735522488605,12,TRAVELING,,,,3,False,True
11,26,0.812,14,14,2.9,1.757735522488605,12,2-STAY,,,,1,False,True
11,24,0.759,36,5,8.9,1.757735522488605,12,"1,(36,4)-START",36,4,,1,False,True
11,11,0.648,4,3,30.9,1.757735522488605,12,TRAVELING,,,,3,False,True
11,23,-0.345,44,4,18.9,1.757735522488605,12,TRAVELING,43,5,,4,False,True
11,35,0.355,42,8,15.9,1.757735522488605,12,"1,(42,7)-START",42,7,,1,False,True
11,32,0.1,43,7,8.9,1.757735522488605,12,TRAVELING,,,,1,False,True
11,0,0.392,29,46,8.9,1.757735522488605,12,2-STAY,,,,0,False,True
11,39,0.457,42,28,7.1,1.757735522488605,12,2-STAY,,,,0,False,True
11,37,0.919,32,48,8.9,1.757735522488605,12,2-STAY,,,,0,False,True
11,41,-0.441,42,45,36.3,1.757735522488605,12,"1,(42,45)-START",,,,1,False,True
11,28,-0.355,35,4,7.9,1.757735522488605,12,TRAVELING,,,,1,False,True
12,36,0.115,44,5,20.1,1.757735522488605,13,TRAVELING,,,,5,False,True
12,8,-0.613,41,41,10.1,1.757735522488605,13,2-STAY,,,,0,False,True
12,7,0.571,23,23,11.1,1.757735522488605,13,2-STAY,,,,0,False,True
12,39,0.457,42,28,5.4,1.757735522488605,13,2-STAY,,,,0,False,True
12,9,-0.124,44,2,12.1,1.757735522488605,13,"1,(44,2)-START",,,,2,False,True
12,4,-0.943,6,7,21.3,1.757735522488605,13,2-STAY,,,,0,False,True
12,37,0.919,32,48,7.1,1.757735522488605,13,2-STAY,,,,0,False,True
12,11,0.648,5,3,32.1,1.757735522488605,13,"1,(5,3)-START",,,,3,False,True
12,32,0.1,42,7,8.1,1.757735522488605,13,"1,(42,8)-START",42,8,,1,False,True
12,17,-0.009,18,31,10.1,1.757735522488605,13,2-STAY,,,,0,False,True
12,47,0.213,13,36,19.1,1.757735522488605,13,TRAVELING,,,,3,False,True
12,24,0.759,36,4,8.1,1.757735522488605,13,TRAVELING,,,,1,False,True
12,26,0.812,14,14,1.1,1.757735522488605,13,2-STAY,,,,0,False,True
12,23,-0.345,43,4,18.1,1.757735522488605,13,TRAVELING,43,5,,1,False,True
12,41,-0.441,41,45,36.6,1.757735522488605,13,"1,(41,45)-START",,,,2,False,True
12,30,-0.295,11,38,4.1,1.757735522488605,13,TRAVELING,,,,3,False,True
12,28,-0.355,34,4,7.1,1.757735522488605,13,"1,(34,5)-START",34,5,,1,False,True
12,35,0.355,43,8,15.1,1.757735522488605,13,TRAVELING,42,7,,1,False,True
12,0,0.392,29,46,7.1,1.757735522488605,13,2-STAY,,,,0,False,True
12,6,0.232,11,22,7.1,1.757735522488605,13,2-STAY,,,,0,False,True
13,32,0.1,42,8,7.4,1.757735522488605,14,TRAVELING,,,,1,False,True
13,17,-0.009,18,31,9.4,1.757735522488605,14,2-STAY,,,,1,False,True
13,26,0.812,14,14,0.4,1.757735522488605,14,2-STAY,,,,1,False,True
13,7,0.571,23,23,10.4,1.757735522488605,14,2-STAY,,,,1,False,True
13,39,0.457,42,28,3.6,1.757735522488605,14,2-STAY,,,,0,False,True
13,23,-0.345,43,5,17.4,1.757735522488605,14,TRAVELING,,,,1,False,True
13,36,0.115,44,4,19.4,1.757735522488605,14,"1,(43,4)-START",43,4,,1,False,True
13,6,0.232,11,22,5.4,1.757735522488605,14,2-STAY,,,,0,False,True
13,41,-0.441,40,45,35.8,1.757735522488605,14,"1,(40,44)-START",40,44,,1,False,True
13,24,0.759,36,4,7.4,1.757735522488605,14,2-STAY,,,,1,False,True
13,28,-0.355,34,5,8.4,1.757735522488605,14,TRAVELING,,,,3,False,True
13,35,0.355,43,7,14.4,1.757735522488605,14,TRAVELING,42,7,,1,False,True
13,37,0.919,32,48,5.4,1.757735522488605,14,2-STAY,,,,0,False,True
13,30,-0.295,11,38,3.4,1.757735522488605,14,2-STAY,,,,1,False,True
13,0,0.392,29,46,5.4,1.757735522488605,14,2-STAY,,,,0,False,True
13,47,0.213,12,36,18.4,1.757735522488605,14,"1,(12,37)-START",12,37,,1,False,True
13,8,-0.613,40,41,9.4,1.757735522488605,14,"1,(40,41)-START",,,,1,False,True
13,4,-0.943,6,7,20.6,1.757735522488605,14,2-STAY,,,,1,False,True
13,9,-0.124,45,2,11.4,1.757735522488605,14,"1,(46,2)-START",46,2,,1,False,True
13,11,0.648,5,4,32.4,1.757735522488605,14,"1,(5,4)-START",,,,2,False,True
14,6,0.232,11,22,3.6,1.757735522488605,15,2-STAY,,,,0,False,True
14,0,0.392,29,46,3.6,1.757735522488605,15,2-STAY,,,,0,False,True
14,8,-0.613,40,40,10.6,1.757735522488605,15,"1,(40,40)-START",,,,3,False,True
14,47,0.213,12,37,18.6,1.757735522488605,15,TRAVELING,,,,2,False,True
14,30,-0.295,11,38,1.6,1.757735522488605,15,2-STAY,,,,0,False,True
14,41,-0.441,40,44,37.1,1.757735522488605,15,TRAVELING,,,,3,False,True
14,28,-0.355,33,5,9.6,1.757735522488605,15,"1,(33,5)-START",,,,3,False,True
14,24,0.759,35,4,6.6,1.757735522488605,15,"1,(35,5)-START",35,5,,1,False,True
14,26,0.812,14,14,0,1.757735522488605,15,2-STAY,,,,0,False,False
14,7,0.571,23,23,8.6,1.757735522488605,15,2-STAY,,,,0,False,True
14,36,0.115,43,4,18.6,1.757735522488605,15,TRAVELING,,,,1,False,True
14,11,0.648,5,5,34.6,1.757735522488605,15,"1,(5,5)-START",,,,4,False,True
14,37,0.919,32,48,3.6,1.757735522488605,15,2-STAY,,,,0,False,True
14,17,-0.009,18,31,7.6,1.757735522488605,15,2-STAY,,,,0,False,True
14,4,-0.943,6,7,18.8,1.757735522488605,15,2-STAY,,,,0,False,True
14,39,0.457,42,28,1.9,1.757735522488605,15,2-STAY,,,,0,False,True
14,9,-0.124,46,2,11.6,1.757735522488605,15,TRAVELING,,,,2,False,True
14,23,-0.345,44,5,16.6,1.757735522488605,15,"1,(44,4)-START",44,4,,1,False,True
14,32,0.1,41,8,8.6,1.757735522488605,15,"1,(41,7)-START",41,7,,3,False,True
14,35,0.355,42,7,13.6,1.757735522488605,15,TRAVELING,,,,1,False,True
15,4,-0.943,6,7,18.1,1.757735522488605,16,2-STAY,,,,1,False,True
15,0,0.392,29,46,1.9,1.757735522488605,16,2-STAY,,,,0,False,True
15,37,0.919,32,48,1.9,1.757735522488605,16,2-STAY,,,,0,False,True
15,24,0.759,35,5,7.9,1.757735522488605,16,TRAVELING,,,,3,False,True
15,17,-0.009,17,31,6.9,1.757735522488605,16,"1,(17,32)-START",17,32,,1,False,True
15,23,-0.345,44,4,15.9,1.757735522488605,16,TRAVELING,,,,1,False,True
15,8,-0.613,40,40,9.9,1.757735522488605,16,2-STAY,,,,1,False,True
15,41,-0.441,39,44,38.3,1.757735522488605,16,"1,(39,44)-START",,,,3,False,True
15,9,-0.124,45,2,10.9,1.757735522488605,16,"1,(45,2)-START",,,,1,False,True
15,36,0.115,43,5,17.9,1.757735522488605,16,"1,(44,5)-START",44,5,,1,False,True
15,28,-0.355,32,5,10.9,1.757735522488605,16,"1,(32,5)-START",,,,3,False,True
15,11,0.648,5,6,36.9,1.757735522488605,16,"1,(5,6)-START",,,,4,False,True
15,30,-0.295,11,38,0,1.757735522488605,15,"4,(12,37)",,,0.213,0,False,False
15,47,0.213,11,37,19.5,1.757735522488605,16,"1,(11,38)-START",11,38,,1,False,True
15,6,0.232,11,22,1.9,1.757735522488605,16,2-STAY,,,,0,False,True
15,39,0.457,42,28,0.1,1.757735522488605,16,2-STAY,,,,0,False,True
15,32,0.1,41,7,8.9,1.757735522488605,16,TRAVELING,,,,2,False,True
15,7,0.571,23,23,7.9,1.757735522488605,16,2-STAY,,,,1,False,True
15,35,0.355,42,8,12.9,1.757735522488605,16,"1,(41,8)-START",41,8,,1,False,True
16,9,-0.124,44,2,11.1,1.757735522488605,17,"1,(44,2)-START",,,,2,False,True
16,37,0.919,32,48,0.1,1.757735522488605,17,2-STAY,,,,0,False,True
16,23,-0.345,43,4,15.1,1.757735522488605,17,"1,(43,5)-START",43,5,,1,False,True
16,17,-0.009,17,32,8.1,1.757735522488605,17,TRAVELING,,,,3,False,True
16,11,0.648,6,6,39.1,1.757735522488605,17,"1,(6,7)-START",6,7,,4,False,True
16,6,0.232,11,22,0.1,1.757735522488605,17,2-STAY,,,,0,False,True
16,32,0.1,42,7,8.1,1.757735522488605,17,"1,(42,8)-START",42,8,,1,False,True
16,24,0.759,36,5,8.1,1.757735522488605,17,"1,(36,5)-START",,,,2,False,True
16,39,0.457,42,28,0,1.757735522488605,17,2-STAY,,,,0,False,False
16,41,-0.441,40,44,37.5,1.757735522488605,17,"1,(41,44)-START",41,44,,1,False,True
16,28,-0.355,32,5,9.1,1.757735522488605,17,2-STAY,,,,0,False,True
16,36,0.115,44,5,17.1,1.757735522488605,17,TRAVELING,,,,1,False,True
16,8,-0.613,40,40,8.1,1.757735522488605,17,2-STAY,,,,0,False,True
16,4,-0.943,6,7,16.3,1.757735522488605,17,2-STAY,,,,0,False,True
16,7,0.571,22,23,7.1,1.757735522488605,17,"1,(22,22)-START",22,22,,1,False,True
16,0,0.392,29,46,0.1,1.757735522488605,17,2-STAY,,,,0,False,True
16,47,0.213,11,38,18.8,1.757735522488605,17,TRAVELING,,,,1,False,True
16,35,0.355,41,8,12.1,1.757735522488605,17,TRAVELING,,,,1,False,True
17,23,-0.345,43,5,14.4,1.757735522488605,18,TRAVELING,,,,1,False,True
17,6,0.232,11,22,0,1.757735522488605,18,2-STAY,,,,0,False,False
17,8,-0.613,40,40,7.4,1.757735522488605,18,2-STAY,,,,1,False,True
17,28,-0.355,32,5,8.4,1.757735522488605,18,2-STAY,,,,1,False,True
17,37,0.919,32,48,0,1.757735522488605,18,2-STAY,,,,0,False,False
17,41,-0.441,41,44,38.8,1.757735522488605,18,TRAVELING,,,,3,False,True
17,24,0.759,36,5,7.4,1.757735522488605,18,2-STAY,,,,1,False,True
17,4,-0.943,6,7,15.5,1.757735522488605,18,2-STAY,,,,1,False,True
17,32,0.1,42,8,7.4,1.757735522488605,18,TRAVELING,,,,1,False,True
17,11,0.648,7,6,40.4,1.757735522488605,18,TRAVELING,6,7,,3,False,True
17,7,0.571,22,22,8.4,1.757735522488605,18,TRAVELING,,,,3,False,True
17,35,0.355,41,7,11.4,1.757735522488605,18,"1,(42,7)-START",42,7,,1,False,True
17,0,0.392,29,46,0,1.757735522488605,18,2-STAY,,,,0,False,False
17,17,-0.009,17,32,7.4,1.757735522488605,18,2-STAY,,,,1,False,True
17,9,-0.124,44,2,10.4,1.757735522488605,18,2-STAY,,,,1,False,True
17,36,0.115,44,4,16.4,1.757735522488605,18,"1,(43,4)-START",43,4,,1,False,True
17,47,0.213,11,38,18.0,1.757735522488605,18,2-STAY,,,,1,False,True
18,8,-0.613,40,40,5.6,1.757735522488605,19,2-STAY,,,,0,False,True
18,35,0.355,42,7,10.6,1.757735522488605,19,TRAVELING,,,,1,False,True
18,17,-0.009,17,32,5.6,1.757735522488605,19,2-STAY,,,,0,False,True
18,32,0.1,41,8,6.6,1.757735522488605,19,"1,(41,7)-START",41,7,,1,False,True
18,4,-0.943,6,7,13.8,1.757735522488605,19,2-STAY,,,,0,False,True
18,24,0.759,36,5,5.6,1.757735522488605,19,2-STAY,,,,0,False,True
18,47,0.213,11,38,16.2,1.757735522488605,19,2-STAY,,,,0,False,True
18,41,-0.441,40,44,38.0,1.757735522488605,19,"1,(40,45)-START",40,45,,1,False,True
18,36,0.115,43,4,15.6,1.757735522488605,19,TRAVELING,,,,1,False,True
18,28,-0.355,32,5,6.6,1.757735522488605,19,2-STAY,,,,0,False,True
18,9,-0.124,44,2,8.6,1.757735522488605,19,2-STAY,,,,0,False,True
18,23,-0.345,44,5,13.6,1.757735522488605,19,"1,(44,4)-START",44,4,,1,False,True
18,7,0.571,22,22,6.6,1.757735522488605,19,2-STAY,,,,0,False,True
18,11,0.648,6,6,39.6,1.757735522488605,19,TRAVELING,6,7,,1,False,True
19,32,0.1,41,7,5.8,1.757735522488605,20,TRAVELING,,,,1,False,True
19,7,0.571,22,22,5.8,1.757735522488605,20,2-STAY,,,,1,False,True
19,24,0.759,36,5,4.8,1.757735522488605,20,2-STAY,,,,1,False,True
19,41,-0.441,40,45,37.3,1.757735522488605,20,TRAVELING,,,,1,False,True
19,17,-0.009,17,32,4.8,1.757735522488605,20,2-STAY,,,,1,False,True
19,23,-0.345,44,4,12.8,1.757735522488605,20,TRAVELING,,,,1,False,True
19,8,-0.613,40,40,4.8,1.757735522488605,20,2-STAY,,,,1,False,True
19,28,-0.355,33,5,7.8,1.757735522488605,20,"1,(33,5)-START",,,,3,False,True
19,11,0.648,7,6,38.8,1.757735522488605,20,TRAVELING,6,7,,1,False,True
19,4,-0.943,7,7,15.0,1.757735522488605,20,"1,(7,7)-START",,,,3,False,True
19,36,0.115,43,5,14.8,1.757735522488605,20,"1,(44,5)-START",44,5,,1,False,True
19,9,-0.124,45,2,8.8,1.757735522488605,20,"1,(46,2)-START",46,2,,2,False,True
19,35,0.355,42,8,9.8,1.757735522488605,20,"1,(41,8)-START",41,8,,1,False,True
19,47,0.213,11,38,15.5,1.757735522488605,20,2-STAY,,,,1,False,True
20,47,0.213,11,38,13.7,1.757735522488605,21,2-STAY,,,,0,False,True
20,24,0.759,36,5,3.1,1.757735522488605,21,2-STAY,,,,0,False,True
20,41,-0.441,40,45,35.5,1.757735522488605,21,2-STAY,,,,0,False,True
20,7,0.571,22,22,4.1,1.757735522488605,21,2-STAY,,,,0,False,True
20,36,0.115,44,5,14.1,1.757735522488605,21,TRAVELING,,,,1,False,True
20,8,-0.613,40,40,3.1,1.757735522488605,21,2-STAY,,,,0,False,True
20,17,-0.009,17,32,3.1,1.757735522488605,21,2-STAY,,,,0,False,True
20,4,-0.943,7,7,13.3,1.757735522488605,21,2-STAY,,,,0,False,True
20,35,0.355,41,8,9.1,1.757735522488605,21,TRAVELING,,,,1,False,True
20,32,0.1,42,7,5.1,1.757735522488605,21,"1,(42,8)-START",42,8,,1,False,True
20,23,-0.345,43,4,12.1,1.757735522488605,21,"1,(43,5)-START",43,5,,1,False,True
20,9,-0.124,46,2,9.1,1.757735522488605,21,TRAVELING,,,,2,False,True
20,11,0.648,6,6,38.1,1.757735522488605,21,TRAVELING,6,7,,1,False,True
20,28,-0.355,33,5,6.1,1.757735522488605,21,2-STAY,,,,0,False,True
21,24,0.759,36,5,2.3,1.757735522488605,22,2-STAY,,,,1,False,True
21,11,0.648,6,7,38.3,1.757735522488605,22,TRAVELING,,,,2,False,True
21,8,-0.613,40,40,2.3,1.757735522488605,22,2-STAY,,,,1,False,True
21,28,-0.355,33,5,5.3,1.757735522488605,22,2-STAY,,,,1,False,True
21,23,-0.345,43,5,11.3,1.757735522488605,22,TRAVELING,,,,1,False,True
21,32,0.1,42,8,4.3,1.757735522488605,22,TRAVELING,,,,1,False,True
21,41,-0.441,40,45,34.8,1.757735522488605,22,2-STAY,,,,1,False,True
21,4,-0.943,7,7,12.5,1.757735522488605,22,2-STAY,,,,1,False,True
21,36,0.115,44,4,13.3,1.757735522488605,22,"1,(43,4)-START",43,4,,1,False,True
21,7,0.571,23,22,3.3,1.757735522488605,22,"1,(23,23)-START",23,23,,1,False,True
21,35,0.355,41,8,8.3,1.757735522488605,22,"4,(42,7)-FAIL",,,,1,False,True
21,17,-0.009,17,32,2.3,1.757735522488605,22,2-STAY,,,,1,False,True
21,47,0.213,10,38,13.0,1.757735522488605,22,"1,(10,39)-START",10,39,,1,False,True
21,9,-0.124,46,2,8.3,1.757735522488605,22,"3,(45,3)-FAIL-LOW SUG",,,,1,False,True
22,11,0.648,6,7,49.1,1.757735522488605,23,"4,(7,7)-WIN",,,-0.943,0,False,True
22,24,0.759,36,5,0.6,1.757735522488605,23,2-STAY,,,,0,False,True
22,9,-0.124,46,2,6.6,1.757735522488605,23,2-STAY,,,,0,False,True
22,7,0.571,23,23,4.6,1.757735522488605,23,TRAVELING,,,,3,False,True
22,17,-0.009,17,32,0.6,1.757735522488605,23,2-STAY,,,,0,False,True
22,32,0.1,43,8,4.6,1.757735522488605,23,"1,(41,8)-START",41,8,,2,False,True
22,41,-0.441,40,45,33.0,1.757735522488605,23,2-STAY,,,,0,False,True
22,8,-0.613,40,40,0.6,1.757735522488605,23,2-STAY,,,,0,False,True
22,28,-0.355,32,5,5.6,1.757735522488605,23,"1,(32,5)-START",,,,2,False,True
22,35,0.355,41,8,6.6,1.757735522488605,23,"4,(42,8)-FAIL",,,,0,False,True
22,47,0.213,10,39,14.2,1.757735522488605,23,TRAVELING,,,,3,False,True
22,36,0.115,43,4,12.6,1.757735522488605,23,TRAVELING,,,,1,False,True
22,23,-0.345,44,5,10.6,1.757735522488605,23,"1,(44,4)-START",44,4,,1,False,True
23,9,-0.124,46,2,5.8,1.757735522488605,24,2-STAY,,,,1,False,True
23,32,0.1,42,8,3.8,1.757735522488605,24,TRAVELING,41,8,,1,False,True
23,41,-0.441,40,45,32.2,1.757735522488605,24,2-STAY,,,,1,False,True
23,17,-0.009,16,32,0,1.757735522488605,24,"1,(16,33)-START",16,33,,1,False,False
23,36,0.115,44,4,11.8,1.757735522488605,24,"1,(44,5)-START",44,5,,1,False,True
23,47,0.213,10,39,13.4,1.757735522488605,24,2-STAY,,,,1,False,True
23,28,-0.355,32,5,4.8,1.757735522488605,24,2-STAY,,,,1,False,True
23,8,-0.613,40,40,0,1.757735522488605,24,"3,(41,41)-FAIL-LOW SUG",,,,1,False,False
23,35,0.355,40,8,5.8,1.757735522488605,24,"1,(40,9)-START",40,9,,1,False,True
23,7,0.571,23,23,3.8,1.757735522488605,24,2-STAY,,,,1,False,True
23,11,0.648,5,7,50.3,1.757735522488605,24,"1,(5,6)-START",5,6,,3,False,True
23,23,-0.345,45,5,12.8,1.757735522488605,24,TRAVELING,44,4,,4,False,True
23,24,0.759,36,5,0,1.757735522488605,24,2-STAY,,,,1,False,False
24,32,0.1,41,8,3.1,1.757735522488605,25,TRAVELING,,,,1,False,True
24,28,-0.355,33,5,4.1,1.757735522488605,25,"1,(34,5)-START",34,5,,1,False,True
24,9,-0.124,45,2,6.1,1.757735522488605,25,"1,(45,3)-START",45,3,,2,False,True
24,7,0.571,23,23,2.1,1.757735522488605,25,2-STAY,,,,0,False,True
24,35,0.355,40,9,7.1,1.757735522488605,25,TRAVELING,,,,3,False,True
24,36,0.115,44,5,11.1,1.757735522488605,25,TRAVELING,,,,1,False,True
24,23,-0.345,45,4,15.1,1.757735522488605,25,TRAVELING,44,4,,4,False,True
24,47,0.213,10,39,11.7,1.757735522488605,25,2-STAY,,,,0,False,True
24,11,0.648,5,6,52.6,1.757735522488605,25,TRAVELING,,,,4,False,True
24,41,-0.441,40,44,33.5,1.757735522488605,25,"1,(40,44)-START",,,,3,False,True
25,11,0.648,5,6,51.8,1.757735522488605,26,2-STAY,,,,1,False,True
25,35,0.355,41,9,6.3,1.757735522488605,26,"1,(41,8)-START",41,8,,1,False,True
25,9,-0.124,45,3,7.3,1.757735522488605,26,TRAVELING,,,,3,False,True
25,28,-0.355,34,5,5.3,1.757735522488605,26,TRAVELING,,,,3,False,True
25,7,0.571,22,23,1.3,1.757735522488605,26,"1,(22,22)-START",22,22,,1,False,True
25,41,-0.441,40,44,32.7,1.757735522488605,26,2-STAY,,,,1,False,True
25,23,-0.345,44,4,14.3,1.757735522488605,26,TRAVELING,,,,1,False,True
25,32,0.1,41,8,2.3,1.757735522488605,26,2-STAY,,,,1,False,True
25,36,0.115,45,5,10.3,1.757735522488605,26,"1,(45,4)-START",45,4,,1,False,True
25,47,0.213,10,39,10.9,1.757735522488605,26,2-STAY,,,,1,False,True
26,47,0.213,10,39,9.2,1.757735522488605,27,2-STAY,,,,0,False,True
26,9,-0.124,44,3,8.5,1.757735522488605,27,"1,(44,4)-START",44,4,,3,False,True
26,36,0.115,45,4,9.5,1.757735522488605,27,TRAVELING,,,,1,False,True
26,41,-0.441,41,44,34.0,1.757735522488605,27,"1,(41,44)-START",,,,3,False,True
26,23,-0.345,44,5,13.5,1.757735522488605,27,"1,(44,5)-START",,,,1,False,True
26,35,0.355,42,9,5.5,1.757735522488605,27,TRAVELING,41,8,,1,False,True
26,11,0.648,4,6,54.1,1.757735522488605,27,"1,(4,5)-START",4,5,,4,False,True
26,28,-0.355,34,5,3.5,1.757735522488605,27,2-STAY,,,,0,False,True
26,32,0.1,40,8,1.5,1.757735522488605,27,"1,(40,8)-START",,,,1,False,True
26,7,0.571,22,22,2.5,1.757735522488605,27,TRAVELING,,,,3,False,True
27,7,0.571,22,22,1.8,1.757735522488605,28,2-STAY,,,,1,False,True
27,35,0.355,41,9,4.8,1.757735522488605,28,TRAVELING,41,8,,1,False,True
27,9,-0.124,44,4,7.8,1.757735522488605,28,TRAVELING,,,,1,False,True
27,23,-0.345,45,5,12.8,1.757735522488605,28,"1,(45,5)-START",,,,1,False,True
27,11,0.648,4,5,56.3,1.757735522488605,28,TRAVELING,,,,4,False,True
27,28,-0.355,34,5,2.8,1.757735522488605,28,2-STAY,,,,1,False,True
27,47,0.213,10,39,8.4,1.757735522488605,28,2-STAY,,,,1,False,True
27,32,0.1,40,9,1.8,1.757735522488605,28,"1,(40,9)-START",,,,2,False,True
27,41,-0.441,41,44,33.2,1.757735522488605,28,2-STAY,,,,1,False,True
27,36,0.115,46,4,10.8,1.757735522488605,28,"1,(44,5)-START",44,5,,3,False,True
28,41,-0.441,41,44,31.4,1.757735522488605,29,2-STAY,,,,0,False,True
28,47,0.213,10,39,6.7,1.757735522488605,29,2-STAY,,,,0,False,True
28,9,-0.124,43,4,9.0,1.757735522488605,29,"1,(43,4)-START",,,,3,False,True
28,36,0.115,45,4,10.0,1.757735522488605,29,TRAVELING,44,5,,1,False,True
28,35,0.355,41,8,4.0,1.757735522488605,29,TRAVELING,,,,1,False,True
28,23,-0.345,44,5,12.0,1.757735522488605,29,"1,(44,5)-START",,,,1,False,True
28,32,0.1,41,9,0.0,1.757735522488605,29,"1,(41,9)-START",,,,0,False,True
28,11,0.648,5,5,59.5,1.757735522488605,29,"1,(5,4)-START",5,4,,5,False,True
28,7,0.571,21,22,1.0,1.757735522488605,29,"1,(21,21)-START",21,21,,1,False,True
28,28,-0.355,33,5,3.0,1.757735522488605,29,"1,(33,5)-START",,,,2,False,True
29,41,-0.441,41,44,30.7,1.757735522488605,30,2-STAY,,,,1,False,True
29,36,0.115,44,4,9.3,1.757735522488605,30,TRAVELING,44,5,,1,False,True
29,9,-0.124,43,5,11.3,1.757735522488605,30,"1,(43,5)-START",,,,4,False,True
29,47,0.213,10,39,5.9,1.757735522488605,30,2-STAY,,,,1,False,True
29,7,0.571,21,21,2.3,1.757735522488605,30,TRAVELING,,,,3,False,True
29,32,0.1,40,9,0,1.757735522488605,30,"1,(40,9)-START",,,,1,False,False
29,23,-0.345,45,5,11.3,1.757735522488605,30,"1,(43,4)-START",43,4,,1,False,True
29,35,0.355,41,9,3.3,1.757735522488605,30,"1,(41,9)-START",,,,1,False,True
29,28,-0.355,34,5,2.3,1.757735522488605,30,"1,(35,5)-START",35,5,,1,False,True
29,11,0.648,5,4,61.8,1.757735522488605,30,TRAVELING,,,,4,False,True
30,7,0.571,21,21,0.5,1.757735522488605,31,2-STAY,,,,0,False,True
30,36,0.115,44,5,8.5,1.757735522488605,31,TRAVELING,,,,1,False,True
30,41,-0.441,41,44,28.9,1.757735522488605,31,2-STAY,,,,0,False,True
30,28,-0.355,35,5,3.5,1.757735522488605,31,TRAVELING,,,,3,False,True
30,9,-0.124,43,4,10.5,1.757735522488605,31,"1,(44,4)-START",44,4,,1,False,True
30,35,0.355,40,9,1.5,1.757735522488605,31,"1,(40,9)-START",,,,0,False,True
30,47,0.213,10,39,4.1,1.757735522488605,31,2-STAY,,,,0,False,True
30,23,-0.345,45,4,10.5,1.757735522488605,31,TRAVELING,43,4,,1,False,True
30,11,0.648,6,4,64.0,1.757735522488605,31,"1,(6,4)-START",,,,4,False,True
31,9,-0.124,44,4,9.8,1.757735522488605,32,TRAVELING,,,,1,False,True
31,28,-0.355,35,5,2.8,1.757735522488605,32,2-STAY,,,,1,False,True
31,36,0.115,44,5,7.8,1.757735522488605,32,2-STAY,,,,1,False,True
31,11,0.648,5,4,63.3,1.757735522488605,32,"1,(5,5)-START",5,5,,1,False,True
31,23,-0.345,46,4,10.8,1.757735522488605,32,TRAVELING,43,4,,2,False,True
31,7,0.571,21,21,0,1.757735522488605,32,2-STAY,,,,1,False,False
31,47,0.213,10,39,3.4,1.757735522488605,32,2-STAY,,,,1,False,True
31,41,-0.441,40,44,30.2,1.757735522488605,32,"1,(40,44)-START",,,,3,False,True
31,35,0.355,39,9,0.8,1.757735522488605,32,"1,(39,10)-START",39,10,,1,False,True
32,47,0.213,10,39,1.6,1.757735522488605,33,2-STAY,,,,0,False,True
32,35,0.355,39,10,2.0,1.757735522488605,33,TRAVELING,,,,3,False,True
32,36,0.115,44,5,6.0,1.757735522488605,33,2-STAY,,,,0,False,True
32,9,-0.124,43,4,9.0,1.757735522488605,33,"1,(43,5)-START",43,5,,1,False,True
32,28,-0.355,35,5,1.0,1.757735522488605,33,2-STAY,,,,0,False,True
32,41,-0.441,39,44,31.4,1.757735522488605,33,"1,(39,44)-START",,,,3,False,True
32,11,0.648,5,5,63.5,1.757735522488605,33,TRAVELING,,,,2,False,True
32,23,-0.345,45,4,10.0,1.757735522488605,33,TRAVELING,43,4,,1,False,True
33,36,0.115,43,5,6.2,1.757735522488605,34,"1,(43,5)-START",,,,2,False,True
33,47,0.213,10,39,0.9,1.757735522488605,34,2-STAY,,,,1,False,True
33,11,0.648,6,5,65.7,1.757735522488605,34,"1,(6,5)-START",,,,4,False,True
33,35,0.355,39,10,1.2,1.757735522488605,34,2-STAY,,,,1,False,True
33,28,-0.355,35,5,0.2,1.757735522488605,34,2-STAY,,,,1,False,True
33,41,-0.441,38,44,32.7,1.757735522488605,34,"1,(38,44)-START",,,,3,False,True
33,23,-0.345,44,4,9.2,1.757735522488605,34,TRAVELING,43,4,,1,False,True
33,9,-0.124,42,4,10.2,1.757735522488605,34,TRAVELING,43,5,,3,False,True
34,23,-0.345,43,4,8.5,1.757735522488605,35,TRAVELING,,,,1,False,True
34,28,-0.355,34,5,0.5,1.757735522488605,35,"1,(34,5)-START",,,,2,False,True
34,36,0.115,42,5,7.5,1.757735522488605,35,"1,(42,4)-START",42,4,,3,False,True
34,35,0.355,39,10,0,1.757735522488605,35,2-STAY,,,,0,False,False
34,47,0.213,10,39,0,1.757735522488605,35,2-STAY,,,,0,False,False
34,11,0.648,6,5,64.0,1.757735522488605,35,2-STAY,,,,0,False,True
34,9,-0.124,41,4,10.5,1.757735522488605,35,TRAVELING,43,5,,2,False,True
34,41,-0.441,38,44,30.9,1.757735522488605,35,2-STAY,,,,0,False,True
35,36,0.115,42,4,6.7,1.757735522488605,36,TRAVELING,,,,1,False,True
35,28,-0.355,34,5,0,1.757735522488605,36,2-STAY,,,,1,False,False
35,23,-0.345,43,5,7.7,1.757735522488605,36,"1,(42,5)-START",42,5,,1,False,True
35,9,-0.124,41,5,11.7,1.757735522488605,36,TRAVELING,43,5,,3,False,True
35,11,0.648,6,5,63.2,1.757735522488605,36,2-STAY,,,,1,False,True
35,41,-0.441,37,44,32.1,1.757735522488605,36,"1,(37,44)-START",,,,3,False,True
36,41,-0.441,36,44,33.4,1.757735522488605,37,"1,(36,44)-START",,,,3,False,True
36,36,0.115,42,5,6.0,1.757735522488605,37,"1,(42,5)-START",,,,1,False,True
36,23,-0.345,44,5,8.0,1.757735522488605,37,TRAVELING,42,5,,2,False,True
36,11,0.648,6,5,61.5,1.757735522488605,37,2-STAY,,,,0,False,True
36,9,-0.124,40,5,13.0,1.757735522488605,37,TRAVELING,43,5,,3,False,True
37,36,0.115,42,4,5.2,1.757735522488605,38,"1,(42,3)-START",42,3,,1,False,True
37,11,0.648,6,4,63.7,1.757735522488605,38,"1,(6,4)-START",,,,4,False,True
37,41,-0.441,35,44,34.6,1.757735522488605,38,"1,(35,44)-START",,,,3,False,True
37,23,-0.345,43,5,7.2,1.757735522488605,38,TRAVELING,42,5,,1,False,True
37,9,-0.124,41,5,12.2,1.757735522488605,38,TRAVELING,43,5,,1,False,True
38,23,-0.345,42,5,6.4,1.757735522488605,39,TRAVELING,,,,1,False,True
38,9,-0.124,40,5,11.4,1.757735522488605,39,TRAVELING,43,5,,1,False,True
38,41,-0.441,34,44,35.9,1.757735522488605,39,"1,(34,44)-START",,,,3,False,True
38,11,0.648,6,4,62.0,1.757735522488605,39,2-STAY,,,,0,False,True
38,36,0.115,42,3,6.4,1.757735522488605,39,TRAVELING,,,,3,False,True
39,23,-0.345,42,6,7.7,1.757735522488605,40,"1,(42,6)-START",,,,3,False,True
39,9,-0.124,41,5,10.7,1.757735522488605,40,TRAVELING,43,5,,1,False,True
39,41,-0.441,34,44,35.1,1.757735522488605,40,2-STAY,,,,1,False,True
39,36,0.115,42,3,5.7,1.757735522488605,40,2-STAY,,,,1,False,True
39,11,0.648,6,5,62.2,1.757735522488605,40,"1,(6,5)-START",,,,2,False,True
40,11,0.648,6,5,60.4,1.757735522488605,41,2-STAY,,,,0,False,True
40,41,-0.441,34,44,33.4,1.757735522488605,41,2-STAY,,,,0,False,True
40,36,0.115,42,3,3.9,1.757735522488605,41,2-STAY,,,,0,False,True
40,23,-0.345,41,6,7.9,1.757735522488605,41,"1,(41,5)-START",41,5,,2,False,True
40,9,-0.124,42,5,9.9,1.757735522488605,41,TRAVELING,43,5,,1,False,True
41,23,-0.345,41,5,7.2,1.757735522488605,42,TRAVELING,,,,1,False,True
41,41,-0.441,35,44,33.6,1.757735522488605,42,"1,(36,44)-START",36,44,,2,False,True
41,9,-0.124,43,5,10.2,1.757735522488605,42,TRAVELING,,,,2,False,True
41,11,0.648,6,5,59.7,1.757735522488605,42,2-STAY,,,,1,False,True
41,36,0.115,42,3,3.2,1.757735522488605,42,2-STAY,,,,1,False,True
42,36,0.115,42,3,1.4,1.757735522488605,43,2-STAY,,,,0,False,True
42,41,-0.441,36,44,34.8,1.757735522488605,43,TRAVELING,,,,3,False,True
42,23,-0.345,40,5,7.4,1.757735522488605,43,"1,(40,5)-START",,,,2,False,True
42,9,-0.124,42,5,9.4,1.757735522488605,43,"1,(42,4)-START",42,4,,1,False,True
42,11,0.648,6,5,57.9,1.757735522488605,43,2-STAY,,,,0,False,True
43,11,0.648,6,5,57.2,1.757735522488605,44,2-STAY,,,,1,False,True
43,41,-0.441,36,44,34.1,1.757735522488605,44,2-STAY,,,,1,False,True
43,23,-0.345,39,5,8.7,1.757735522488605,44,"1,(39,5)-START",,,,3,False,True
43,9,-0.124,42,4,10.7,1.757735522488605,44,TRAVELING,,,,3,False,True
43,36,0.115,42,3,0.7,1.757735522488605,44,2-STAY,,,,1,False,True
44,9,-0.124,42,4,9.6,1.757735522488605,45,"4,(42,3)-WIN",,,0.115,0,False,True
44,41,-0.441,36,44,32.3,1.757735522488605,45,2-STAY,,,,0,False,True
44,11,0.648,6,5,55.4,1.757735522488605,45,2-STAY,,,,0,False,True
44,23,-0.345,39,5,6.9,1.757735522488605,45,2-STAY,,,,0,False,True
45,11,0.648,6,5,54.7,1.757735522488605,46,2-STAY,,,,1,False,True
45,9,-0.124,42,4,8.8,1.757735522488605,46,2-STAY,,,,1,False,True
45,41,-0.441,35,44,32.6,1.757735522488605,46,"1,(34,44)-START",34,44,,2,False,True
45,23,-0.345,39,5,6.1,1.757735522488605,46,2-STAY,,,,1,False,True
46,9,-0.124,42,4,7.0,1.757735522488605,47,2-STAY,,,,0,False,True
46,41,-0.441,34,44,33.8,1.757735522488605,47,TRAVELING,,,,3,False,True
46,23,-0.345,38,5,7.4,1.757735522488605,47,"1,(38,5)-START",,,,3,False,True
46,11,0.648,6,5,52.9,1.757735522488605,47,2-STAY,,,,0,False,True
47,11,0.648,6,5,52.1,1.757735522488605,48,2-STAY,,,,1,False,True
47,9,-0.124,42,4,6.3,1.757735522488605,48,2-STAY,,,,1,False,True
47,41,-0.441,34,44,33.1,1.757735522488605,48,2-STAY,,,,1,False,True
47,23,-0.345,37,5,8.6,1.757735522488605,48,"1,(37,5)-START",,,,3,False,True
48,41,-0.441,34,44,31.3,1.757735522488605,49,2-STAY,,,,0,False,True
48,9,-0.124,42,4,4.5,1.757735522488605,49,2-STAY,,,,0,False,True
48,11,0.648,6,5,50.4,1.757735522488605,49,2-STAY,,,,0,False,True
48,23,-0.345,37,5,6.9,1.757735522488605,49,2-STAY,,,,0,False,True
49,41,-0.441,34,44,30.5,1.757735522488605,50,2-STAY,,,,1,False,True
49,11,0.648,6,5,49.6,1.757735522488605,50,2-STAY,,,,1,False,True
49,23,-0.345,37,5,6.1,1.757735522488605,50,2-STAY,,,,1,False,True
49,9,-0.124,42,4,3.8,1.757735522488605,50,2-STAY,,,,1,False,True
50,11,0.648,5,5,52.9,1.757735522488605,51,"1,(5,5)-START",,,,5,False,True
50,23,-0.345,37,5,4.4,1.757735522488605,51,2-STAY,,,,0,False,True
50,41,-0.441,35,44,30.8,1.757735522488605,51,"1,(36,44)-START",36,44,,2,False,True
50,9,-0.124,42,3,5.0,1.757735522488605,51,"1,(42,3)-START",,,,3,False,True
51,9,-0.124,42,3,4.3,1.757735522488605,52,2-STAY,,,,1,False,True
51,41,-0.441,36,44,32.0,1.757735522488605,52,TRAVELING,,,,3,False,True
51,23,-0.345,36,5,5.6,1.757735522488605,52,"1,(36,5)-START",,,,3,False,True
51,11,0.648,5,5,52.1,1.757735522488605,52,2-STAY,,,,1,False,True
52,41,-0.441,36,44,30.3,1.757735522488605,53,2-STAY,,,,0,False,True
52,11,0.648,5,5,50.4,1.757735522488605,53,2-STAY,,,,0,False,True
52,9,-0.124,42,3,2.5,1.757735522488605,53,2-STAY,,,,0,False,True
52,23,-0.345,37,5,4.8,1.757735522488605,53,"1,(38,5)-START",38,5,,1,False,True
53,11,0.648,5,5,49.6,1.757735522488605,54,2-STAY,,,,1,False,True
53,23,-0.345,38,5,6.1,1.757735522488605,54,TRAVELING,,,,3,False,True
53,9,-0.124,42,3,1.7,1.757735522488605,54,2-STAY,,,,1,False,True
53,41,-0.441,36,44,29.5,1.757735522488605,54,2-STAY,,,,1,False,True
54,41,-0.441,36,44,27.7,1.757735522488605,55,2-STAY,,,,0,False,True
54,23,-0.345,38,5,4.3,1.757735522488605,55,2-STAY,,,,0,False,True
54,11,0.648,4,5,51.8,1.757735522488605,55,"1,(4,5)-START",,,,4,False,True
54,9,-0.124,42,4,2.0,1.757735522488605,55,"1,(42,5)-START",42,5,,2,False,True
55,9,-0.124,42,5,3.2,1.757735522488605,56,TRAVELING,,,,3,False,True
55,41,-0.441,35,44,29.0,1.757735522488605,56,"1,(34,44)-START",34,44,,3,False,True
55,23,-0.345,39,5,5.6,1.757735522488605,56,"1,(39,5)-START",,,,3,False,True
55,11,0.648,4,5,51.1,1.757735522488605,56,2-STAY,,,,1,False,True
56,41,-0.441,34,44,30.2,1.757735522488605,57,TRAVELING,,,,3,False,True
56,23,-0.345,39,5,3.8,1.757735522488605,57,2-STAY,,,,0,False,True
56,9,-0.124,43,5,5.5,1.757735522488605,57,"1,(43,5)-START",,,,4,False,True
56,11,0.648,4,5,49.3,1.757735522488605,57,2-STAY,,,,0,False,True
57,9,-0.124,44,5,8.7,1.757735522488605,58,"1,(44,5)-START",,,,5,False,True
57,23,-0.345,39,5,3.1,1.757735522488605,58,2-STAY,,,,1,False,True
57,41,-0.441,33,44,31.5,1.757735522488605,58,"1,(32,44)-START",32,44,,3,False,True
57,11,0.648,4,5,48.6,1.757735522488605,58,2-STAY,,,,1,False,True
58,9,-0.124,44,5,7.0,1.757735522488605,59,2-STAY,,,,0,False,True
58,11,0.648,4,5,46.8,1.757735522488605,59,2-STAY,,,,0,False,True
58,23,-0.345,40,5,4.3,1.757735522488605,59,"1,(40,5)-START",,,,3,False,True
58,41,-0.441,32,44,32.7,1.757735522488605,59,TRAVELING,,,,3,False,True
59,9,-0.124,44,5,6.2,1.757735522488605,60,2-STAY,,,,1,False,True
59,11,0.648,5,5,48.0,1.757735522488605,60,"1,(5,6)-START",5,6,,3,False,True
59,41,-0.441,32,44,32.0,1.757735522488605,60,2-STAY,,,,1,False,True
59,23,-0.345,39,5,3.5,1.757735522488605,60,"1,(38,5)-START",38,5,,1,False,True
60,41,-0.441,31,44,33.2,1.757735522488605,61,"1,(31,44)-START",,,,3,False,True
60,11,0.648,5,6,50.3,1.757735522488605,61,TRAVELING,,,,4,False,True
60,23,-0.345,38,5,4.8,1.757735522488605,61,TRAVELING,,,,3,False,True
60,9,-0.124,44,5,4.4,1.757735522488605,61,2-STAY,,,,0,False,True
61,9,-0.124,44,5,3.7,1.757735522488605,62,2-STAY,,,,1,False,True
61,11,0.648,4,6,52.5,1.757735522488605,62,"1,(4,6)-START",,,,4,False,True
61,41,-0.441,30,44,34.4,1.757735522488605,62,"1,(30,44)-START",,,,3,False,True
61,23,-0.345,37,5,6.0,1.757735522488605,62,"1,(36,5)-START",36,5,,3,False,True
62,23,-0.345,36,5,7.3,1.757735522488605,63,TRAVELING,,,,3,False,True
62,9,-0.124,44,5,1.9,1.757735522488605,63,2-STAY,,,,0,False,True
62,11,0.648,4,6,50.8,1.757735522488605,63,2-STAY,,,,0,False,True
62,41,-0.441,30,44,32.7,1.757735522488605,63,2-STAY,,,,0,False,True
63,11,0.648,4,6,50.0,1.757735522488605,64,2-STAY,,,,1,False,True
63,23,-0.345,36,5,6.5,1.757735522488605,64,2-STAY,,,,1,False,True
63,9,-0.124,44,5,1.2,1.757735522488605,64,2-STAY,,,,1,False,True
63,41,-0.441,30,44,31.9,1.757735522488605,64,2-STAY,,,,1,False,True
64,9,-0.124,44,5,0,1.757735522488605,65,2-STAY,,,,0,False,False
64,23,-0.345,36,5,4.7,1.757735522488605,65,2-STAY,,,,0,False,True
64,11,0.648,4,6,48.3,1.757735522488605,65,2-STAY,,,,0,False,True
64,41,-0.441,30,44,30.2,1.757735522488605,65,2-STAY,,,,0,False,True
65,41,-0.441,30,44,29.4,1.757735522488605,66,2-STAY,,,,1,False,True
65,11,0.648,4,6,47.5,1.757735522488605,66,2-STAY,,,,1,False,True
65,23,-0.345,36,5,4.0,1.757735522488605,66,2-STAY,,,,1,False,True
66,23,-0.345,36,5,2.2,1.757735522488605,67,2-STAY,,,,0,False,True
66,41,-0.441,30,44,27.7,1.757735522488605,67,2-STAY,,,,0,False,True
66,11,0.648,4,6,45.7,1.757735522488605,67,2-STAY,,,,0,False,True
67,23,-0.345,35,5,3.5,1.757735522488605,68,"1,(34,5)-START",34,5,,3,False,True
67,41,-0.441,30,44,26.9,1.757735522488605,68,2-STAY,,,,1,False,True
67,11,0.648,4,6,45.0,1.757735522488605,68,2-STAY,,,,1,False,True
68,23,-0.345,34,5,4.7,1.757735522488605,69,TRAVELING,,,,3,False,True
68,11,0.648,4,6,43.2,1.757735522488605,69,2-STAY,,,,0,False,True
68,41,-0.441,30,44,25.1,1.757735522488605,69,2-STAY,,,,0,False,True
69,11,0.648,4,6,42.5,1.757735522488605,70,2-STAY,,,,1,False,True
69,41,-0.441,29,44,26.4,1.757735522488605,70,"1,(29,44)-START",,,,3,False,True
69,23,-0.345,35,5,4.0,1.757735522488605,70,"1,(36,5)-START",36,5,,1,False,True
70,41,-0.441,28,44,27.6,1.757735522488605,71,"1,(28,44)-START",,,,3,False,True
70,23,-0.345,36,5,4.2,1.757735522488605,71,TRAVELING,,,,2,False,True
70,11,0.648,4,6,40.7,1.757735522488605,71,2-STAY,,,,0,False,True
71,11,0.648,4,6,40.0,1.757735522488605,72,2-STAY,,,,1,False,True
71,23,-0.345,36,5,3.4,1.757735522488605,72,2-STAY,,,,1,False,True
71,41,-0.441,28,44,26.9,1.757735522488605,72,2-STAY,,,,1,False,True
72,11,0.648,4,6,38.2,1.757735522488605,73,2-STAY,,,,0,False,True
72,41,-0.441,28,44,25.1,1.757735522488605,73,2-STAY,,,,0,False,True
72,23,-0.345,37,5,4.7,1.757735522488605,73,"1,(37,5)-START",,,,3,False,True
73,11,0.648,4,6,37.4,1.757735522488605,74,2-STAY,,,,1,False,True
73,23,-0.345,37,5,3.9,1.757735522488605,74,2-STAY,,,,1,False,True
73,41,-0.441,28,44,24.4,1.757735522488605,74,2-STAY,,,,1,False,True
74,23,-0.345,38,5,5.2,1.757735522488605,75,"1,(38,5)-START",,,,3,False,True
74,11,0.648,4,6,35.7,1.757735522488605,75,2-STAY,,,,0,False,True
74,41,-0.441,29,44,24.6,1.757735522488605,75,"1,(30,44)-START",30,44,,2,False,True
75,41,-0.441,30,44,25.8,1.757735522488605,76,TRAVELING,,,,3,False,True
75,23,-0.345,38,5,4.4,1.757735522488605,76,2-STAY,,,,1,False,True
75,11,0.648,4,6,34.9,1.757735522488605,76,2-STAY,,,,1,False,True
76,23,-0.345,39,5,5.7,1.757735522488605,77,"1,(39,5)-START",,,,3,False,True
76,41,-0.441,30,44,24.1,1.757735522488605,77,2-STAY,,,,0,False,True
76,11,0.648,5,6,37.2,1.757735522488605,77,"1,(5,5)-START",5,5,,4,False,True
77,11,0.648,5,5,40.4,1.757735522488605,78,TRAVELING,,,,5,False,True
77,23,-0.345,39,5,4.9,1.757735522488605,78,2-STAY,,,,1,False,True
77,41,-0.441,31,44,25.3,1.757735522488605,78,"1,(31,44)-START",,,,3,False,True
78,41,-0.441,32,44,26.6,1.757735522488605,79,"1,(32,44)-START",,,,3,False,True
78,11,0.648,5,5,38.6,1.757735522488605,79,2-STAY,,,,0,False,True
78,23,-0.345,40,5,6.1,1.757735522488605,79,"1,(40,5)-START",,,,3,False,True
79,23,-0.345,41,5,7.4,1.757735522488605,80,"1,(41,5)-START",,,,3,False,True
79,11,0.648,4,5,40.9,1.757735522488605,80,"1,(4,5)-START",,,,4,False,True
79,41,-0.441,32,44,25.8,1.757735522488605,80,2-STAY,,,,1,False,True
80,11,0.648,4,5,39.1,1.757735522488605,81,2-STAY,,,,0,False,True
80,23,-0.345,42,5,8.6,1.757735522488605,81,"1,(42,5)-START",,,,3,False,True
80,41,-0.441,32,44,24.0,1.757735522488605,81,2-STAY,,,,0,False,True
81,41,-0.441,32,44,23.3,1.757735522488605,82,2-STAY,,,,1,False,True
81,23,-0.345,42,5,7.9,1.757735522488605,82,2-STAY,,,,1,False,True
81,11,0.648,5,5,39.4,1.757735522488605,82,"1,(5,6)-START",5,6,,2,False,True
82,11,0.648,5,6,40.6,1.757735522488605,83,TRAVELING,,,,3,False,True
82,23,-0.345,42,5,6.1,1.757735522488605,83,2-STAY,,,,0,False,True
82,41,-0.441,32,44,21.5,1.757735522488605,83,2-STAY,,,,0,False,True
83,41,-0.441,33,44,22.8,1.757735522488605,84,"1,(33,44)-START",,,,3,False,True
83,23,-0.345,42,5,5.4,1.757735522488605,84,2-STAY,,,,1,False,True
83,11,0.648,5,6,39.9,1.757735522488605,84,2-STAY,,,,1,False,True
84,23,-0.345,43,5,7.6,1.757735522488605,85,"1,(44,5)-START",44,5,,4,False,True
84,11,0.648,5,6,38.1,1.757735522488605,85,2-STAY,,,,0,False,True
84,41,-0.441,34,44,24.0,1.757735522488605,85,"1,(34,44)-START",,,,3,False,True
85,11,0.648,4,6,40.3,1.757735522488605,86,"1,(4,6)-START",,,,4,False,True
85,41,-0.441,35,44,25.3,1.757735522488605,86,"1,(35,44)-START",,,,3,False,True
85,23,-0.345,44,5,10.8,1.757735522488605,86,TRAVELING,,,,5,False,True
86,23,-0.345,44,5,9.1,1.757735522488605,87,2-STAY,,,,0,False,True
86,11,0.648,4,6,38.6,1.757735522488605,87,2-STAY,,,,0,False,True
86,41,-0.441,35,44,23.5,1.757735522488605,87,2-STAY,,,,0,False,True
87,41,-0.441,35,44,22.7,1.757735522488605,88,2-STAY,,,,1,False,True
87,11,0.648,4,6,37.8,1.757735522488605,88,2-STAY,,,,1,False,True
87,23,-0.345,44,5,8.3,1.757735522488605,88,2-STAY,,,,1,False,True
88,41,-0.441,35,44,21.0,1.757735522488605,89,2-STAY,,,,0,False,True
88,23,-0.345,44,5,6.6,1.757735522488605,89,2-STAY,,,,0,False,True
88,11,0.648,4,6,36.1,1.757735522488605,89,2-STAY,,,,0,False,True
89,41,-0.441,36,44,22.2,1.757735522488605,90,"1,(36,44)-START",,,,3,False,True
89,23,-0.345,44,5,5.8,1.757735522488605,90,2-STAY,,,,1,False,True
89,11,0.648,4,6,35.3,1.757735522488605,90,2-STAY,,,,1,False,True
90,23,-0.345,44,5,4.0,1.757735522488605,91,2-STAY,,,,0,False,True
90,41,-0.441,37,44,23.5,1.757735522488605,91,"1,(37,44)-START",,,,3,False,True
90,11,0.648,4,6,33.6,1.757735522488605,91,2-STAY,,,,0,False,True
91,23,-0.345,44,5,3.3,1.757735522488605,92,2-STAY,,,,1,False,True
91,11,0.648,4,6,32.8,1.757735522488605,92,2-STAY,,,,1,False,True
91,41,-0.441,38,44,24.7,1.757735522488605,92,"1,(38,44)-START",,,,3,False,True
92,41,-0.441,39,44,26.0,1.757735522488605,93,"1,(39,44)-START",,,,3,False,True
92,23,-0.345,44,5,1.5,1.757735522488605,93,2-STAY,,,,0,False,True
92,11,0.648,4,6,31.0,1.757735522488605,93,2-STAY,,,,0,False,True
93,23,-0.345,44,5,0.8,1.757735522488605,94,2-STAY,,,,1,False,True
93,41,-0.441,39,44,25.2,1.757735522488605,94,2-STAY,,,,1,False,True
93,11,0.648,4,6,30.3,1.757735522488605,94,2-STAY,,,,1,False,True
94,23,-0.345,44,5,0,1.757735522488605,95,2-STAY,,,,0,False,False
94,11,0.648,4,6,28.5,1.757735522488605,95,2-STAY,,,,0,False,True
94,41,-0.441,39,44,23.4,1.757735522488605,95,2-STAY,,,,0,False,True
95,41,-0.441,39,44,22.7,1.757735522488605,96,2-STAY,,,,1,False,True
95,11,0.648,4,6,27.8,1.757735522488605,96,2-STAY,,,,1,False,True
96,11,0.648,4,6,26.0,1.757735522488605,97,2-STAY,,,,0,False,True
96,41,-0.441,40,44,23.9,1.757735522488605,97,"1,(40,44)-START",,,,3,False,True
97,41,-0.441,41,44,25.2,1.757735522488605,98,"1,(41,44)-START",,,,3,False,True
97,11,0.648,4,6,25.3,1.757735522488605,98,2-STAY,,,,1,False,True
98,41,-0.441,41,44,23.4,1.757735522488605,99,2-STAY,,,,0,False,True
98,11,0.648,4,6,23.5,1.757735522488605,99,2-STAY,,,,0,False,True
99,11,0.648,4,6,22.7,1.757735522488605,100,2-STAY,,,,1,False,True
99,41,-0.441,41,44,22.6,1.757735522488605,100,2-STAY,,,,1,False,True
100,11,0.648,4,6,21.0,1.757735522488605,101,2-STAY,,,,0,False,True
100,41,-0.441,41,44,20.9,1.757735522488605,101,2-STAY,,,,0,False,True
101,11,0.648,4,6,20.2,1.757735522488605,102,2-STAY,,,,1,False,True
101,41,-0.441,41,44,20.1,1.757735522488605,102,2-STAY,,,,1,False,True
102,41,-0.441,40,44,21.4,1.757735522488605,103,"1,(40,44)-START",,,,3,False,True
102,11,0.648,4,6,18.5,1.757735522488605,103,2-STAY,,,,0,False,True
103,41,-0.441,39,44,22.6,1.757735522488605,104,"1,(38,44)-START",38,44,,3,False,True
103,11,0.648,4,6,17.7,1.757735522488605,104,2-STAY,,,,1,False,True
104,11,0.648,4,6,15.9,1.757735522488605,105,2-STAY,,,,0,False,True
104,41,-0.441,38,44,23.9,1.757735522488605,105,TRAVELING,,,,3,False,True
105,41,-0.441,38,44,23.1,1.757735522488605,106,2-STAY,,,,1,False,True
105,11,0.648,5,6,18.2,1.757735522488605,106,"1,(5,6)-START",,,,4,False,True
106,41,-0.441,38,44,21.3,1.757735522488605,107,2-STAY,,,,0,False,True
106,11,0.648,5,6,16.4,1.757735522488605,107,2-STAY,,,,0,False,True
107,11,0.648,5,6,15.7,1.757735522488605,108,2-STAY,,,,1,False,True
107,41,-0.441,38,44,20.6,1.757735522488605,108,2-STAY,,,,1,False,True
108,41,-0.441,39,44,20.8,1.757735522488605,109,"1,(40,44)-START",40,44,,2,False,True
108,11,0.648,5,6,13.9,1.757735522488605,109,2-STAY,,,,0,False,True
109,11,0.648,5,6,13.2,1.757735522488605,110,2-STAY,,,,1,False,True
109,41,-0.441,40,44,22.1,1.757735522488605,110,TRAVELING,,,,3,False,True
110,11,0.648,4,6,14.4,1.757735522488605,111,"1,(4,5)-START",4,5,,3,False,True
110,41,-0.441,40,44,20.3,1.757735522488605,111,2-STAY,,,,0,False,True
111,11,0.648,4,5,16.6,1.757735522488605,112,TRAVELING,,,,4,False,True
111,41,-0.441,40,44,19.6,1.757735522488605,112,2-STAY,,,,1,False,True
112,41,-0.441,40,44,17.8,1.757735522488605,113,2-STAY,,,,0,False,True
112,11,0.648,4,5,14.9,1.757735522488605,113,2-STAY,,,,0,False,True
113,11,0.648,4,5,14.1,1.757735522488605,114,2-STAY,,,,1,False,True
113,41,-0.441,40,44,17.0,1.757735522488605,114,2-STAY,,,,1,False,True
114,41,-0.441,40,44,15.3,1.757735522488605,115,2-STAY,,,,0,False,True
114,11,0.648,4,5,12.4,1.757735522488605,115,2-STAY,,,,0,False,True
115,41,-0.441,40,44,14.5,1.757735522488605,116,2-STAY,,,,1,False,True
115,11,0.648,4,5,11.6,1.757735522488605,116,2-STAY,,,,1,False,True
116,41,-0.441,39,44,15.8,1.757735522488605,117,"1,(39,44)-START",,,,3,False,True
116,11,0.648,4,5,9.9,1.757735522488605,117,2-STAY,,,,0,False,True
117,41,-0.441,38,44,17.0,1.757735522488605,118,"1,(38,44)-START",,,,3,False,True
117,11,0.648,4,5,9.1,1.757735522488605,118,2-STAY,,,,1,False,True
118,11,0.648,4,5,7.3,1.757735522488605,119,2-STAY,,,,0,False,True
118,41,-0.441,38,44,15.3,1.757735522488605,119,2-STAY,,,,0,False,True
119,11,0.648,4,5,6.6,1.757735522488605,120,2-STAY,,,,1,False,True
119,41,-0.441,38,44,14.5,1.757735522488605,120,2-STAY,,,,1,False,True
120,11,0.648,4,5,4.8,1.757735522488605,121,2-STAY,,,,0,False,True
120,41,-0.441,38,44,12.7,1.757735522488605,121,2-STAY,,,,0,False,True
121,11,0.648,4,5,4.1,1.757735522488605,122,2-STAY,,,,1,False,True
121,41,-0.441,39,44,14.0,1.757735522488605,122,"1,(39,44)-START",,,,3,False,True
122,11,0.648,4,5,2.3,1.757735522488605,123,2-STAY,,,,0,False,True
122,41,-0.441,39,44,12.2,1.757735522488605,123,2-STAY,,,,0,False,True
123,41,-0.441,40,44,13.5,1.757735522488605,124,"1,(40,44)-START",,,,3,False,True
123,11,0.648,4,5,1.6,1.757735522488605,124,2-STAY,,,,1,False,True
124,41,-0.441,40,44,11.7,1.757735522488605,125,2-STAY,,,,0,False,True
124,11,0.648,4,5,0,1.757735522488605,125,2-STAY,,,,0,False,False
125,41,-0.441,40,44,10.9,1.757735522488605,126,2-STAY,,,,1,False,True
126,41,-0.441,40,44,9.2,1.757735522488605,127,2-STAY,,,,0,False,True
127,41,-0.441,40,44,8.4,1.757735522488605,128,2-STAY,,,,1,False,True
128,41,-0.441,39,44,9.7,1.757735522488605,129,"1,(38,44)-START",38,44,,3,False,True
129,41,-0.441,38,44,10.9,1.757735522488605,130,TRAVELING,,,,3,False,True
130,41,-0.441,37,44,12.2,1.757735522488605,131,"1,(37,44)-START",,,,3,False,True
131,41,-0.441,37,44,11.4,1.757735522488605,132,2-STAY,,,,1,False,True
132,41,-0.441,37,44,9.6,1.757735522488605,133,2-STAY,,,,0,False,True
133,41,-0.441,37,44,8.9,1.757735522488605,134,2-STAY,,,,1,False,True
134,41,-0.441,37,44,7.1,1.757735522488605,135,2-STAY,,,,0,False,True
135,41,-0.441,37,44,6.4,1.757735522488605,136,2-STAY,,,,1,False,True
136,41,-0.441,36,44,7.6,1.757735522488605,137,"1,(36,44)-START",,,,3,False,True
137,41,-0.441,37,44,6.9,1.757735522488605,138,"1,(38,44)-START",38,44,,1,False,True
138,41,-0.441,38,44,8.1,1.757735522488605,139,TRAVELING,,,,3,False,True
139,41,-0.441,37,44,7.3,1.757735522488605,140,"1,(36,44)-START",36,44,,1,False,True
140,41,-0.441,36,44,7.6,1.757735522488605,141,TRAVELING,,,,2,False,True
141,41,-0.441,36,44,6.8,1.757735522488605,142,2-STAY,,,,1,False,True
142,41,-0.441,35,44,8.1,1.757735522488605,143,"1,(34,44)-START",34,44,,3,False,True
143,41,-0.441,34,44,9.3,1.757735522488605,144,TRAVELING,,,,3,False,True
144,41,-0.441,34,44,7.6,1.757735522488605,145,2-STAY,,,,0,False,True
145,41,-0.441,34,44,6.8,1.757735522488605,146,2-STAY,,,,1,False,True
146,41,-0.441,34,44,5.0,1.757735522488605,147,2-STAY,,,,0,False,True
147,41,-0.441,34,44,4.3,1.757735522488605,148,2-STAY,,,,1,False,True
148,41,-0.441,35,44,5.5,1.757735522488605,149,"1,(35,44)-START",,,,3,False,True
149,41,-0.441,36,44,6.8,1.757735522488605,150,"1,(36,44)-START",,,,3,False,True
150,41,-0.441,37,44,8.0,1.757735522488605,151,"1,(37,44)-START",,,,3,False,True
151,41,-0.441,37,44,7.2,1.757735522488605,152,2-STAY,,,,1,False,True
152,41,-0.441,38,44,8.5,1.757735522488605,153,"1,(38,44)-START",,,,3,False,True
153,41,-0.441,39,44,9.7,1.757735522488605,154,"1,(39,44)-START",,,,3,False,True
154,41,-0.441,39,44,8.0,1.757735522488605,155,2-STAY,,,,0,False,True
155,41,-0.441,39,44,7.2,1.757735522488605,156,2-STAY,,,,1,False,True
156,41,-0.441,40,44,8.5,1.757735522488605,157,"1,(40,44)-START",,,,3,False,True
157,41,-0.441,40,44,7.7,1.757735522488605,158,2-STAY,,,,1,False,True
158,41,-0.441,40,44,5.9,1.757735522488605,159,2-STAY,,,,0,False,True
159,41,-0.441,40,44,5.2,1.757735522488605,160,2-STAY,,,,1,False,True
160,41,-0.441,40,44,3.4,1.757735522488605,161,2-STAY,,,,0,False,True
161,41,-0.441,40,44,2.7,1.757735522488605,162,2-STAY,,,,1,False,True
162,41,-0.441,39,44,3.9,1.757735522488605,163,"1,(39,44)-START",,,,3,False,True
163,41,-0.441,38,44,5.2,1.757735522488605,164,"1,(37,44)-START",37,44,,3,False,True
164,41,-0.441,37,44,6.4,1.757735522488605,165,TRAVELING,,,,3,False,True
165,41,-0.441,37,44,5.6,1.757735522488605,166,2-STAY,,,,1,False,True
166,41,-0.441,37,44,3.9,1.757735522488605,167,"3,(36,44)-FAIL-LOW SUG",,,,0,False,True
167,41,-0.441,38,44,4.1,1.757735522488605,168,"1,(39,44)-START",39,44,,2,False,True
168,41,-0.441,39,44,5.4,1.757735522488605,169,TRAVELING,,,,3,False,True
169,41,-0.441,40,44,6.6,1.757735522488605,170,"1,(40,44)-START",,,,3,False,True
170,41,-0.441,41,44,7.8,1.757735522488605,171,"1,(41,44)-START",,,,3,False,True
171,41,-0.441,40,44,7.1,1.757735522488605,172,"1,(39,44)-START",39,44,,1,False,True
172,41,-0.441,39,44,7.3,1.757735522488605,173,TRAVELING,,,,2,False,True
173,41,-0.441,39,44,6.6,1.757735522488605,174,2-STAY,,,,1,False,True
174,41,-0.441,38,44,7.8,1.757735522488605,175,"1,(38,44)-START",,,,3,False,True
175,41,-0.441,38,44,7.1,1.757735522488605,176,2-STAY,,,,1,False,True
176,41,-0.441,38,44,5.3,1.757735522488605,177,2-STAY,,,,0,False,True
177,41,-0.441,39,44,5.5,1.757735522488605,178,"1,(40,44)-START",40,44,,2,False,True
178,41,-0.441,40,44,6.8,1.757735522488605,179,TRAVELING,,,,3,False,True
179,41,-0.441,40,44,6.0,1.757735522488605,180,2-STAY,,,,1,False,True
180,41,-0.441,41,44,7.3,1.757735522488605,181,"1,(41,44)-START",,,,3,False,True
181,41,-0.441,41,44,6.5,1.757735522488605,182,2-STAY,,,,1,False,True
182,41,-0.441,40,44,5.8,1.757735522488605,183,"1,(39,44)-START",39,44,,1,False,True
183,41,-0.441,39,44,7.0,1.757735522488605,184,TRAVELING,,,,3,False,True
184,41,-0.441,38,44,8.2,1.757735522488605,185,"1,(38,44)-START",,,,3,False,True
185,41,-0.441,38,44,7.5,1.757735522488605,186,2-STAY,,,,1,False,True
186,41,-0.441,37,44,8.7,1.757735522488605,187,"1,(37,44)-START",,,,3,False,True
187,41,-0.441,36,44,10.0,1.757735522488605,188,"1,(36,44)-START",,,,3,False,True
188,41,-0.441,35,44,11.2,1.757735522488605,189,"1,(35,44)-START",,,,3,False,True
189,41,-0.441,36,44,10.5,1.757735522488605,190,"1,(36,44)-START",,,,1,False,True
190,41,-0.441,37,44,10.7,1.757735522488605,191,"1,(37,44)-START",,,,2,False,True
191,41,-0.441,38,44,11.9,1.757735522488605,192,"1,(38,44)-START",,,,3,False,True
192,41,-0.441,39,44,13.2,1.757735522488605,193,"1,(39,44)-START",,,,3,False,True
193,41,-0.441,39,44,12.4,1.757735522488605,194,2-STAY,,,,1,False,True
194,41,-0.441,40,44,13.7,1.757735522488605,195,"1,(40,44)-START",,,,3,False,True
195,41,-0.441,40,44,12.9,1.757735522488605,196,2-STAY,,,,1,False,True
196,41,-0.441,40,44,11.1,1.757735522488605,197,2-STAY,,,,0,False,True
197,41,-0.441,40,44,10.4,1.757735522488605,198,2-STAY,,,,1,False,True
198,41,-0.441,40,44,8.6,1.757735522488605,199,2-STAY,,,,0,False,True
199,41,-0.441,40,44,7.9,1.757735522488605,200,2-STAY,,,,1,False,True
