step,x,y,sugar,is_house
0,5,3,1,0
0,14,3,1,0
0,4,4,2,0
0,5,4,3,0
0,6,4,2,0
0,13,4,2,0
0,14,4,3,0
0,15,4,2,0
0,3,5,1,0
0,4,5,3,0
0,5,5,5,0
0,6,5,3,0
0,7,5,3,0
0,8,5,3,0
0,9,5,3,0
0,10,5,3,0
0,11,5,3,0
0,12,5,3,0
0,13,5,3,0
0,14,5,1,0
0,15,5,3,0
0,16,5,1,0
0,4,6,2,0
0,5,6,3,0
0,6,6,3,0
0,13,6,1,0
0,14,6,3,0
0,15,6,2,0
0,5,7,1,0
0,7,7,3,0
0,12,7,3,0
0,14,7,1,0
0,8,8,3,0
0,11,8,3,0
0,9,9,3,0
0,10,9,3,0
0,9,10,3,0
0,10,10,3,0
0,8,11,3,0
0,11,11,3,0
0,5,12,1,0
0,7,12,3,0
0,12,12,3,0
0,14,12,1,0
0,4,13,1,0
0,5,13,1,0
0,6,13,3,0
0,13,13,3,0
0,14,13,3,0
0,15,13,2,0
0,3,14,1,0
0,4,14,3,0
0,5,14,1,0
0,6,14,3,0
0,7,14,3,0
0,8,14,3,0
0,9,14,3,0
0,10,14,3,0
0,11,14,3,0
0,12,14,3,0
0,13,14,3,0
0,14,14,1,0
0,15,14,3,0
0,16,14,1,0
0,4,15,2,0
0,5,15,3,0
0,6,15,2,0
0,13,15,1,0
0,14,15,3,0
0,15,15,1,0
0,5,16,1,0
0,14,16,1,0
1,5,3,1,0
1,14,3,1,0
1,4,4,2,0
1,5,4,3,0
1,6,4,2,0
1,13,4,2,0
1,15,4,2,0
1,3,5,1,0
1,4,5,3,0
1,5,5,5,0
1,6,5,3,0
1,7,5,3,0
1,8,5,3,0
1,9,5,3,0
1,10,5,3,0
1,11,5,3,0
1,12,5,3,0
1,13,5,3,0
1,14,5,1,0
1,16,5,1,0
1,4,6,2,0
1,5,6,3,0
1,6,6,3,0
1,14,6,3,0
1,15,6,2,0
1,5,7,1,0
1,12,7,3,0
1,14,7,1,0
1,8,8,3,0
1,11,8,3,0
1,9,9,3,0
1,10,9,3,0
1,9,10,3,0
1,8,11,3,0
1,11,11,3,0
1,5,12,1,0
1,7,12,3,0
1,12,12,3,0
1,14,12,1,0
1,4,13,1,0
1,5,13,1,0
1,6,13,3,0
1,13,13,3,0
1,14,13,3,0
1,15,13,2,0
1,3,14,1,0
1,4,14,3,0
1,7,14,3,0
1,8,14,3,0
1,9,14,3,0
1,11,14,3,0
1,12,14,3,0
1,13,14,3,0
1,14,14,1,0
1,16,14,1,0
1,5,15,3,0
1,6,15,2,0
1,13,15,1,0
1,15,15,1,0
1,5,16,1,0
1,14,16,1,0
2,5,3,1,0
2,14,3,1,0
2,4,4,2,0
2,5,4,3,0
2,6,4,2,0
2,13,4,2,0
2,14,4,1,0
2,15,4,1,0
2,3,5,1,0
2,4,5,3,0
2,5,5,5,0
2,6,5,3,0
2,7,5,3,0
2,8,5,3,0
2,9,5,3,0
2,10,5,3,0
2,11,5,3,0
2,12,5,3,0
2,13,5,3,0
2,14,5,1,0
2,15,5,1,0
2,16,5,1,0
2,4,6,2,0
2,5,6,3,0
2,6,6,3,0
2,13,6,1,0
2,14,6,1,0
2,15,6,2,0
2,5,7,1,0
2,7,7,1,0
2,12,7,3,0
2,14,7,1,0
2,8,8,3,0
2,11,8,3,0
2,9,9,3,0
2,10,9,3,0
2,9,10,1,0
2,10,10,1,0
2,8,11,3,0
2,11,11,3,0
2,5,12,1,0
2,7,12,3,0
2,12,12,3,0
2,14,12,1,0
2,4,13,1,0
2,5,13,2,0
2,6,13,1,0
2,13,13,3,0
2,14,13,3,0
2,15,13,2,0
2,3,14,1,0
2,4,14,1,0
2,5,14,1,0
2,6,14,1,0
2,7,14,1,0
2,8,14,3,0
2,9,14,3,0
2,10,14,1,0
2,11,14,1,0
2,12,14,3,0
2,13,14,3,0
2,14,14,1,0
2,15,14,1,0
2,16,14,1,0
2,4,15,1,0
2,5,15,1,0
2,6,15,2,0
2,13,15,1,0
2,14,15,1,0
2,15,15,1,0
2,5,16,1,0
2,14,16,1,0
3,5,3,1,0
3,14,3,1,0
3,4,4,2,0
3,5,4,3,0
3,6,4,2,0
3,13,4,2,0
3,15,4,1,0
3,3,5,1,0
3,4,5,3,0
3,5,5,5,0
3,6,5,3,0
3,7,5,3,0
3,8,5,3,0
3,9,5,3,0
3,10,5,3,0
3,11,5,3,0
3,12,5,3,0
3,13,5,3,0
3,14,5,1,0
3,15,5,1,0
3,16,5,1,0
3,4,6,2,0
3,5,6,3,0
3,13,6,1,0
3,15,6,2,0
3,5,7,1,0
3,7,7,1,0
3,12,7,3,0
3,14,7,1,0
3,8,8,3,0
3,11,8,3,0
3,9,9,3,0
3,10,9,3,0
3,9,10,1,0
3,10,10,1,0
3,8,11,3,0
3,11,11,3,0
3,5,12,1,0
3,7,12,3,0
3,14,12,1,0
3,4,13,1,0
3,6,13,1,0
3,13,13,3,0
3,14,13,3,0
3,15,13,2,0
3,3,14,1,0
3,4,14,1,0
3,7,14,1,0
3,8,14,3,0
3,9,14,3,0
3,10,14,1,0
3,12,14,3,0
3,13,14,3,0
3,14,14,1,0
3,16,14,1,0
3,4,15,1,0
3,5,15,1,0
3,13,15,1,0
3,15,15,1,0
3,5,16,1,0
3,14,16,1,0
4,5,3,1,0
4,14,3,1,0
4,4,4,2,0
4,5,4,3,0
4,6,4,2,0
4,13,4,1,0
4,14,4,1,0
4,15,4,2,0
4,3,5,1,0
4,4,5,3,0
4,5,5,5,0
4,6,5,3,0
4,7,5,3,0
4,8,5,3,0
4,9,5,3,0
4,10,5,3,0
4,11,5,3,0
4,12,5,3,0
4,13,5,3,0
4,14,5,2,0
4,15,5,2,0
4,16,5,1,0
4,4,6,2,0
4,5,6,1,0
4,6,6,1,0
4,13,6,2,0
4,14,6,1,0
4,15,6,1,0
4,5,7,1,0
4,7,7,2,0
4,12,7,3,0
4,14,7,1,0
4,8,8,3,0
4,11,8,3,0
4,9,9,3,0
4,10,9,3,0
4,9,10,2,0
4,10,10,2,0
4,8,11,1,0
4,11,11,3,0
4,5,12,1,0
4,7,12,3,0
4,12,12,1,0
4,14,12,1,0
4,4,13,2,0
4,5,13,1,0
4,6,13,1,0
4,13,13,3,0
4,14,13,3,0
4,15,13,2,0
4,3,14,1,0
4,4,14,2,0
4,5,14,1,0
4,6,14,1,0
4,7,14,1,0
4,8,14,3,0
4,9,14,3,0
4,10,14,2,0
4,11,14,1,0
4,12,14,3,0
4,13,14,3,0
4,14,14,1,0
4,15,14,1,0
4,16,14,1,0
4,4,15,2,0
4,5,15,1,0
4,6,15,1,0
4,13,15,1,0
4,14,15,1,0
4,15,15,1,0
4,5,16,1,0
4,14,16,1,0
5,5,3,1,0
5,14,3,1,0
5,4,4,2,0
5,5,4,3,0
5,6,4,2,0
5,13,4,1,0
5,14,4,1,0
5,15,4,2,0
5,3,5,1,0
5,4,5,3,0
5,5,5,5,0
5,6,5,3,0
5,7,5,3,0
5,8,5,3,0
5,9,5,3,0
5,10,5,3,0
5,11,5,3,0
5,12,5,3,0
5,14,5,2,0
5,15,5,2,0
5,16,5,1,0
5,4,6,2,0
5,6,6,1,0
5,13,6,2,0
5,15,6,1,0
5,5,7,1,0
5,7,7,2,0
5,12,7,3,0
5,14,7,1,0
5,8,8,3,0
5,11,8,3,0
5,9,9,3,0
5,10,9,3,0
5,9,10,2,0
5,10,10,2,0
5,8,11,1,0
5,11,11,3,0
5,5,12,1,0
5,7,12,3,0
5,12,12,1,0
5,14,12,1,0
5,4,13,2,0
5,5,13,1,0
5,6,13,1,0
5,13,13,3,0
5,14,13,3,0
5,15,13,2,0
5,3,14,1,0
5,4,14,2,0
5,7,14,1,0
5,9,14,3,0
5,10,14,2,0
5,11,14,1,0
5,13,14,3,0
5,14,14,1,0
5,16,14,1,0
5,4,15,2,0
5,5,15,1,0
5,13,15,1,0
5,15,15,1,0
5,5,16,1,0
5,14,16,1,0
6,5,3,1,0
6,14,3,1,0
6,4,4,2,0
6,5,4,3,0
6,6,4,2,0
6,13,4,2,0
6,14,4,2,0
6,15,4,2,0
6,3,5,1,0
6,4,5,3,0
6,5,5,5,0
6,6,5,3,0
6,7,5,3,0
6,8,5,3,0
6,9,5,3,0
6,10,5,3,0
6,11,5,3,0
6,12,5,3,0
6,13,5,1,0
6,14,5,1,0
6,15,5,3,0
6,16,5,1,0
6,4,6,2,0
6,5,6,1,0
6,6,6,2,0
6,13,6,3,0
6,14,6,1,0
6,15,6,2,0
6,5,7,1,0
6,7,7,3,0
6,12,7,3,0
6,14,7,1,0
6,8,8,3,0
6,11,8,3,0
6,9,9,3,0
6,10,9,3,0
6,9,10,3,0
6,10,10,3,0
6,8,11,1,0
6,11,11,3,0
6,5,12,1,0
6,7,12,1,0
6,12,12,2,0
6,14,12,1,0
6,4,13,2,0
6,5,13,2,0
6,6,13,2,0
6,13,13,3,0
6,14,13,3,0
6,15,13,2,0
6,3,14,1,0
6,4,14,3,0
6,5,14,1,0
6,6,14,1,0
6,7,14,1,0
6,8,14,1,0
6,9,14,3,0
6,10,14,3,0
6,11,14,2,0
6,12,14,1,0
6,13,14,1,0
6,14,14,1,0
6,15,14,1,0
6,16,14,1,0
6,4,15,2,0
6,5,15,1,0
6,6,15,1,0
6,13,15,1,0
6,14,15,1,0
6,15,15,1,0
6,5,16,1,0
6,14,16,1,0
7,5,3,1,0
7,14,3,1,0
7,4,4,2,0
7,5,4,3,0
7,6,4,2,0
7,13,4,2,0
7,14,4,2,0
7,15,4,2,0
7,3,5,1,0
7,4,5,3,0
7,5,5,5,0
7,6,5,3,0
7,7,5,3,0
7,8,5,3,0
7,9,5,3,0
7,10,5,3,0
7,11,5,3,0
7,12,5,3,0
7,13,5,1,0
7,14,5,1,0
7,15,5,3,0
7,16,5,1,0
7,4,6,2,0
7,6,6,2,0
7,13,6,3,0
7,15,6,2,0
7,5,7,1,0
7,7,7,3,0
7,12,7,3,0
7,14,7,1,0
7,8,8,3,0
7,11,8,3,0
7,9,9,3,0
7,10,9,3,0
7,9,10,3,0
7,10,10,3,0
7,8,11,1,0
7,11,11,3,0
7,7,12,1,0
7,12,12,2,0
7,14,12,1,0
7,4,13,2,0
7,5,13,2,0
7,6,13,2,0
7,14,13,3,0
7,15,13,2,0
7,3,14,1,0
7,7,14,1,0
7,8,14,1,0
7,9,14,3,0
7,10,14,3,0
7,11,14,2,0
7,13,14,1,0
7,16,14,1,0
7,4,15,2,0
7,5,15,1,0
7,13,15,1,0
7,15,15,1,0
7,5,16,1,0
7,14,16,1,0
8,5,3,1,0
8,14,3,1,0
8,4,4,2,0
8,5,4,3,0
8,6,4,2,0
8,13,4,2,0
8,14,4,3,0
8,15,4,2,0
8,3,5,1,0
8,4,5,3,0
8,5,5,5,0
8,6,5,3,0
8,7,5,3,0
8,8,5,3,0
8,9,5,3,0
8,10,5,3,0
8,11,5,3,0
8,12,5,3,0
8,13,5,2,0
8,14,5,2,0
8,15,5,3,0
8,16,5,1,0
8,4,6,2,0
8,5,6,1,0
8,6,6,3,0
8,13,6,3,0
8,14,6,1,0
8,15,6,1,0
8,5,7,1,0
8,7,7,3,0
8,12,7,3,0
8,14,7,1,0
8,8,8,3,0
8,11,8,3,0
8,9,9,3,0
8,10,9,3,0
8,9,10,3,0
8,10,10,3,0
8,8,11,2,0
8,11,11,3,0
8,5,12,1,0
8,7,12,1,0
8,12,12,3,0
8,14,12,1,0
8,4,13,2,0
8,5,13,1,0
8,6,13,1,0
8,13,13,1,0
8,14,13,3,0
8,15,13,2,0
8,3,14,1,0
8,4,14,1,0
8,5,14,1,0
8,6,14,1,0
8,7,14,1,0
8,8,14,2,0
8,9,14,3,0
8,10,14,3,0
8,11,14,3,0
8,12,14,1,0
8,13,14,1,0
8,14,14,1,0
8,15,14,1,0
8,16,14,1,0
8,4,15,2,0
8,5,15,1,0
8,6,15,1,0
8,13,15,1,0
8,14,15,1,0
8,15,15,1,0
8,5,16,1,0
8,14,16,1,0
9,5,3,1,0
9,4,4,2,0
9,5,4,3,0
9,6,4,2,0
9,13,4,2,0
9,14,4,3,0
9,15,4,2,0
9,3,5,1,0
9,4,5,3,0
9,6,5,3,0
9,7,5,3,0
9,8,5,3,0
9,9,5,3,0
9,10,5,3,0
9,11,5,3,0
9,12,5,3,0
9,13,5,2,0
9,14,5,2,0
9,15,5,3,0
9,16,5,1,0
9,4,6,2,0
9,5,6,1,0
9,6,6,3,0
9,13,6,3,0
9,14,6,1,0
9,15,6,1,0
9,5,7,1,0
9,7,7,3,0
9,12,7,3,0
9,14,7,1,0
9,8,8,3,0
9,11,8,3,0
9,9,9,3,0
9,10,9,3,0
9,9,10,3,0
9,10,10,3,0
9,8,11,2,0
9,11,11,3,0
9,5,12,1,0
9,7,12,1,0
9,12,12,3,0
9,14,12,1,0
9,5,13,1,0
9,14,13,3,0
9,15,13,2,0
9,3,14,1,0
9,4,14,1,0
9,7,14,1,0
9,9,14,3,0
9,10,14,3,0
9,11,14,3,0
9,12,14,1,0
9,13,14,1,0
9,15,14,1,0
9,4,15,2,0
9,5,15,1,0
9,13,15,1,0
9,15,15,1,0
9,5,16,1,0
9,14,16,1,0
10,5,3,1,0
10,14,3,1,0
10,4,4,2,0
10,5,4,3,0
10,6,4,2,0
10,13,4,2,0
10,14,4,3,0
10,15,4,2,0
10,3,5,1,0
10,4,5,1,0
10,5,5,1,0
10,6,5,3,0
10,7,5,3,0
10,8,5,3,0
10,9,5,3,0
10,10,5,3,0
10,11,5,3,0
10,12,5,3,0
10,13,5,3,0
10,14,5,3,0
10,15,5,3,0
10,16,5,1,0
10,4,6,2,0
10,5,6,2,0
10,6,6,3,0
10,13,6,3,0
10,14,6,2,0
10,15,6,1,0
10,5,7,1,0
10,7,7,3,0
10,12,7,3,0
10,14,7,1,0
10,8,8,3,0
10,11,8,3,0
10,9,9,3,0
10,10,9,3,0
10,9,10,3,0
10,10,10,3,0
10,8,11,1,0
10,11,11,3,0
10,5,12,1,0
10,7,12,2,0
10,12,12,3,0
10,14,12,1,0
10,4,13,1,0
10,5,13,1,0
10,6,13,1,0
10,13,13,1,0
10,14,13,1,0
10,15,13,2,0
10,3,14,1,0
10,4,14,2,0
10,5,14,1,0
10,6,14,1,0
10,7,14,1,0
10,8,14,1,0
10,9,14,3,0
10,10,14,3,0
10,11,14,3,0
10,12,14,2,0
10,13,14,2,0
10,14,14,1,0
10,15,14,1,0
10,16,14,1,0
10,4,15,2,0
10,5,15,1,0
10,6,15,1,0
10,13,15,1,0
10,14,15,1,0
10,15,15,1,0
10,5,16,1,0
10,14,16,1,0
11,5,3,1,0
11,14,3,1,0
11,4,4,2,0
11,5,4,3,0
11,6,4,2,0
11,13,4,2,0
11,14,4,3,0
11,15,4,2,0
11,3,5,1,0
11,5,5,1,0
11,6,5,3,0
11,7,5,3,0
11,8,5,3,0
11,9,5,3,0
11,10,5,3,0
11,11,5,3,0
11,12,5,3,0
11,13,5,3,0
11,14,5,3,0
11,15,5,3,0
11,16,5,1,0
11,4,6,2,0
11,5,6,2,0
11,6,6,3,0
11,13,6,3,0
11,14,6,2,0
11,15,6,1,0
11,5,7,1,0
11,7,7,3,0
11,12,7,3,0
11,14,7,1,0
11,8,8,3,0
11,11,8,3,0
11,9,9,3,0
11,10,9,3,0
11,9,10,3,0
11,10,10,3,0
11,8,11,1,0
11,11,11,3,0
11,7,12,2,0
11,12,12,3,0
11,14,12,1,0
11,4,13,1,0
11,6,13,1,0
11,15,13,2,0
11,3,14,1,0
11,4,14,2,0
11,7,14,1,0
11,8,14,1,0
11,9,14,3,0
11,10,14,3,0
11,11,14,3,0
11,12,14,2,0
11,13,14,2,0
11,15,14,1,0
11,16,14,1,0
11,5,15,1,0
11,13,15,1,0
11,15,15,1,0
11,5,16,1,0
11,14,16,1,0
12,5,3,1,0
12,14,3,1,0
12,4,4,2,0
12,5,4,3,0
12,6,4,2,0
12,13,4,2,0
12,14,4,3,0
12,15,4,2,0
12,3,5,1,0
12,4,5,1,0
12,5,5,2,0
12,6,5,3,0
12,7,5,3,0
12,8,5,3,0
12,9,5,3,0
12,10,5,3,0
12,11,5,3,0
12,12,5,3,0
12,13,5,3,0
12,14,5,4,0
12,15,5,3,0
12,16,5,1,0
12,4,6,2,0
12,5,6,3,0
12,6,6,3,0
12,13,6,3,0
12,14,6,3,0
12,15,6,1,0
12,5,7,1,0
12,7,7,3,0
12,12,7,3,0
12,14,7,1,0
12,8,8,3,0
12,11,8,3,0
12,9,9,3,0
12,10,9,3,0
12,9,10,1,0
12,10,10,3,0
12,8,11,2,0
12,11,11,3,0
12,5,12,1,0
12,7,12,3,0
12,12,12,3,0
12,14,12,1,0
12,4,13,2,0
12,5,13,1,0
12,6,13,1,0
12,13,13,1,0
12,14,13,1,0
12,15,13,2,0
12,3,14,1,0
12,4,14,1,0
12,5,14,1,0
12,6,14,1,0
12,7,14,1,0
12,8,14,2,0
12,9,14,3,0
12,10,14,3,0
12,11,14,3,0
12,12,14,3,0
12,13,14,1,0
12,14,14,1,0
12,15,14,2,0
12,16,14,1,0
12,4,15,1,0
12,5,15,1,0
12,6,15,1,0
12,13,15,2,0
12,14,15,1,0
12,15,15,1,0
12,5,16,1,0
12,14,16,1,0
13,5,3,1,0
13,14,3,1,0
13,4,4,2,0
13,5,4,3,0
13,6,4,2,0
13,13,4,2,0
13,14,4,3,0
13,15,4,2,0
13,3,5,1,0
13,5,5,2,0
13,6,5,3,0
13,7,5,3,0
13,8,5,3,0
13,9,5,3,0
13,10,5,3,0
13,11,5,3,0
13,12,5,3,0
13,13,5,3,0
13,14,5,4,0
13,15,5,3,0
13,16,5,1,0
13,4,6,2,0
13,5,6,3,0
13,6,6,3,0
13,13,6,3,0
13,15,6,1,0
13,5,7,1,0
13,7,7,3,0
13,12,7,3,0
13,14,7,1,0
13,8,8,3,0
13,11,8,3,0
13,9,9,3,0
13,10,9,3,0
13,9,10,1,0
13,8,11,2,0
13,11,11,3,0
13,5,12,1,0
13,7,12,3,0
13,12,12,3,0
13,14,12,1,0
13,4,13,2,0
13,6,13,1,0
13,14,13,1,0
13,15,13,2,0
13,4,14,1,0
13,7,14,1,0
13,8,14,2,0
13,9,14,3,0
13,10,14,3,0
13,11,14,3,0
13,12,14,3,0
13,13,14,1,0
13,16,14,1,0
13,4,15,1,0
13,5,15,1,0
13,6,15,1,0
13,13,15,2,0
13,15,15,1,0
13,5,16,1,0
13,14,16,1,0
14,5,3,1,0
14,14,3,1,0
14,4,4,2,0
14,5,4,3,0
14,6,4,2,0
14,13,4,2,0
14,14,4,3,0
14,15,4,2,0
14,3,5,1,0
14,4,5,1,0
14,5,5,3,0
14,6,5,3,0
14,7,5,3,0
14,8,5,3,0
14,9,5,3,0
14,10,5,3,0
14,11,5,3,0
14,12,5,3,0
14,13,5,3,0
14,14,5,1,0
14,15,5,3,0
14,16,5,1,0
14,4,6,2,0
14,5,6,3,0
14,6,6,3,0
14,13,6,3,0
14,14,6,1,0
14,15,6,1,0
14,5,7,1,0
14,7,7,3,0
14,12,7,3,0
14,14,7,1,0
14,8,8,3,0
14,11,8,3,0
14,9,9,3,0
14,10,9,1,0
14,9,10,2,0
14,10,10,1,0
14,8,11,3,0
14,11,11,3,0
14,5,12,1,0
14,7,12,3,0
14,12,12,3,0
14,14,12,1,0
14,4,13,2,0
14,5,13,1,0
14,6,13,2,0
14,13,13,1,0
14,14,13,1,0
14,15,13,2,0
14,3,14,1,0
14,4,14,1,0
14,5,14,1,0
14,6,14,1,0
14,7,14,1,0
14,8,14,3,0
14,9,14,3,0
14,10,14,3,0
14,11,14,3,0
14,12,14,3,0
14,13,14,2,0
14,14,14,1,0
14,15,14,1,0
14,16,14,1,0
14,4,15,2,0
14,5,15,1,0
14,6,15,2,0
14,13,15,2,0
14,14,15,1,0
14,15,15,1,0
14,5,16,1,0
14,14,16,1,0
15,5,3,1,0
15,14,3,1,0
15,4,4,2,0
15,5,4,3,0
15,6,4,2,0
15,13,4,2,0
15,14,4,3,0
15,15,4,2,0
15,3,5,1,0
15,5,5,3,0
15,6,5,3,0
15,7,5,3,0
15,8,5,3,0
15,9,5,3,0
15,10,5,3,0
15,11,5,3,0
15,12,5,3,0
15,13,5,3,0
15,14,5,1,0
15,16,5,1,0
15,4,6,2,0
15,5,6,3,0
15,6,6,3,0
15,13,6,3,0
15,15,6,1,0
15,5,7,1,0
15,7,7,3,0
15,12,7,3,0
15,14,7,1,0
15,8,8,3,0
15,11,8,3,0
15,10,9,1,0
15,9,10,2,0
15,10,10,1,0
15,8,11,3,0
15,11,11,3,0
15,5,12,1,0
15,7,12,3,0
15,12,12,3,0
15,14,12,1,0
15,4,13,2,0
15,5,13,1,0
15,6,13,2,0
15,13,13,1,0
15,15,13,2,0
15,3,14,1,0
15,4,14,1,0
15,7,14,1,0
15,9,14,3,0
15,10,14,3,0
15,11,14,3,0
15,12,14,3,0
15,13,14,2,0
15,14,14,1,0
15,16,14,1,0
15,4,15,2,0
15,5,15,1,0
15,13,15,2,0
15,14,15,1,0
15,15,15,1,0
15,5,16,1,0
15,14,16,1,0
16,5,3,1,0
16,14,3,1,0
16,4,4,2,0
16,5,4,3,0
16,6,4,2,0
16,13,4,2,0
16,14,4,3,0
16,15,4,2,0
16,3,5,1,0
16,4,5,1,0
16,5,5,4,0
16,6,5,3,0
16,7,5,3,0
16,8,5,3,0
16,9,5,3,0
16,10,5,3,0
16,11,5,3,0
16,12,5,3,0
16,13,5,3,0
16,14,5,1,0
16,15,5,1,0
16,16,5,1,0
16,4,6,2,0
16,5,6,3,0
16,6,6,3,0
16,13,6,3,0
16,14,6,1,0
16,15,6,1,0
16,5,7,1,0
16,7,7,3,0
16,12,7,3,0
16,14,7,1,0
16,8,8,3,0
16,11,8,3,0
16,9,9,1,0
16,10,9,2,0
16,9,10,1,0
16,10,10,2,0
16,8,11,3,0
16,11,11,3,0
16,5,12,1,0
16,7,12,3,0
16,12,12,3,0
16,14,12,1,0
16,4,13,2,0
16,5,13,2,0
16,6,13,3,0
16,13,13,2,0
16,14,13,1,0
16,15,13,2,0
16,3,14,1,0
16,4,14,1,0
16,5,14,1,0
16,6,14,1,0
16,7,14,1,0
16,8,14,1,0
16,9,14,3,0
16,10,14,3,0
16,11,14,3,0
16,12,14,3,0
16,13,14,3,0
16,14,14,1,0
16,15,14,1,0
16,16,14,1,0
16,4,15,2,0
16,5,15,1,0
16,6,15,1,0
16,13,15,2,0
16,14,15,2,0
16,15,15,2,0
16,5,16,1,0
16,14,16,1,0
17,5,3,1,0
17,14,3,1,0
17,4,4,2,0
17,5,4,3,0
17,6,4,2,0
17,13,4,2,0
17,14,4,3,0
17,15,4,2,0
17,3,5,1,0
17,4,5,1,0
17,6,5,3,0
17,7,5,3,0
17,8,5,3,0
17,9,5,3,0
17,10,5,3,0
17,11,5,3,0
17,12,5,3,0
17,13,5,3,0
17,14,5,1,0
17,15,5,1,0
17,16,5,1,0
17,4,6,2,0
17,5,6,3,0
17,6,6,3,0
17,13,6,3,0
17,5,7,1,0
17,7,7,3,0
17,12,7,3,0
17,14,7,1,0
17,8,8,3,0
17,11,8,3,0
17,9,9,1,0
17,10,9,2,0
17,9,10,1,0
17,10,10,2,0
17,8,11,3,0
17,11,11,3,0
17,5,12,1,0
17,7,12,3,0
17,12,12,3,0
17,14,12,1,0
17,4,13,2,0
17,5,13,2,0
17,6,13,3,0
17,13,13,2,0
17,15,13,2,0
17,4,14,1,0
17,7,14,1,0
17,8,14,1,0
17,9,14,3,0
17,10,14,3,0
17,11,14,3,0
17,12,14,3,0
17,13,14,3,0
17,14,14,1,0
17,16,14,1,0
17,4,15,2,0
17,5,15,1,0
17,13,15,2,0
17,14,15,2,0
17,15,15,2,0
17,5,16,1,0
17,14,16,1,0
18,5,3,1,0
18,14,3,1,0
18,4,4,2,0
18,5,4,3,0
18,6,4,2,0
18,13,4,2,0
18,14,4,3,0
18,15,4,2,0
18,3,5,1,0
18,4,5,2,0
18,5,5,1,0
18,6,5,3,0
18,7,5,3,0
18,8,5,3,0
18,9,5,3,0
18,10,5,3,0
18,11,5,3,0
18,12,5,3,0
18,13,5,3,0
18,14,5,2,0
18,15,5,1,0
18,16,5,1,0
18,4,6,2,0
18,5,6,1,0
18,6,6,3,0
18,13,6,3,0
18,14,6,1,0
18,15,6,1,0
18,5,7,1,0
18,7,7,3,0
18,12,7,3,0
18,14,7,1,0
18,8,8,3,0
18,11,8,3,0
18,9,9,2,0
18,10,9,3,0
18,9,10,2,0
18,10,10,3,0
18,8,11,1,0
18,11,11,3,0
18,5,12,1,0
18,7,12,3,0
18,12,12,3,0
18,14,12,1,0
18,4,13,2,0
18,5,13,3,0
18,6,13,3,0
18,13,13,3,0
18,14,13,1,0
18,15,13,2,0
18,3,14,1,0
18,4,14,1,0
18,5,14,1,0
18,6,14,1,0
18,7,14,1,0
18,8,14,2,0
18,9,14,3,0
18,10,14,3,0
18,11,14,3,0
18,12,14,3,0
18,13,14,3,0
18,14,14,1,0
18,15,14,1,0
18,16,14,1,0
18,4,15,2,0
18,5,15,1,0
18,6,15,1,0
18,13,15,2,0
18,14,15,3,0
18,15,15,2,0
18,5,16,1,0
18,14,16,1,0
19,5,3,1,0
19,14,3,1,0
19,4,4,2,0
19,5,4,3,0
19,6,4,2,0
19,13,4,2,0
19,14,4,3,0
19,15,4,2,0
19,3,5,1,0
19,4,5,2,0
19,5,5,1,0
19,6,5,3,0
19,7,5,3,0
19,8,5,3,0
19,9,5,3,0
19,10,5,3,0
19,11,5,3,0
19,12,5,3,0
19,13,5,3,0
19,15,5,1,0
19,16,5,1,0
19,4,6,2,0
19,6,6,3,0
19,13,6,3,0
19,14,6,1,0
19,15,6,1,0
19,5,7,1,0
19,7,7,3,0
19,12,7,3,0
19,14,7,1,0
19,8,8,3,0
19,11,8,3,0
19,9,9,2,0
19,10,9,3,0
19,9,10,2,0
19,10,10,3,0
19,8,11,1,0
19,11,11,3,0
19,5,12,1,0
19,7,12,3,0
19,12,12,3,0
19,14,12,1,0
19,4,13,2,0
19,5,13,3,0
19,13,13,3,0
19,15,13,2,0
19,3,14,1,0
19,4,14,1,0
19,7,14,1,0
19,8,14,2,0
19,9,14,3,0
19,10,14,3,0
19,11,14,3,0
19,12,14,3,0
19,13,14,3,0
19,14,14,1,0
19,15,14,1,0
19,16,14,1,0
19,4,15,2,0
19,5,15,1,0
19,13,15,2,0
19,14,15,3,0
19,15,15,2,0
19,5,16,1,0
19,14,16,1,0
20,5,3,1,0
20,14,3,1,0
20,4,4,2,0
20,5,4,3,0
20,6,4,2,0
20,13,4,2,0
20,14,4,3,0
20,15,4,2,0
20,3,5,1,0
20,4,5,3,0
20,5,5,2,0
20,6,5,3,0
20,7,5,3,0
20,8,5,3,0
20,9,5,3,0
20,10,5,3,0
20,11,5,3,0
20,12,5,3,0
20,13,5,1,0
20,14,5,1,0
20,15,5,2,0
20,16,5,1,0
20,4,6,2,0
20,5,6,1,0
20,6,6,3,0
20,13,6,3,0
20,14,6,2,0
20,15,6,1,0
20,5,7,1,0
20,7,7,3,0
20,12,7,3,0
20,14,7,1,0
20,8,8,3,0
20,11,8,3,0
20,9,9,3,0
20,10,9,3,0
20,9,10,3,0
20,10,10,3,0
20,8,11,2,0
20,11,11,3,0
20,5,12,1,0
20,7,12,1,0
20,12,12,3,0
20,14,12,1,0
20,4,13,2,0
20,5,13,1,0
20,6,13,1,0
20,13,13,3,0
20,14,13,1,0
20,15,13,2,0
20,3,14,1,0
20,4,14,2,0
20,5,14,1,0
20,6,14,1,0
20,7,14,1,0
20,8,14,3,0
20,9,14,3,0
20,10,14,3,0
20,11,14,3,0
20,12,14,3,0
20,13,14,3,0
20,14,14,2,0
20,15,14,2,0
20,16,14,1,0
20,4,15,2,0
20,5,15,1,0
20,6,15,1,0
20,13,15,2,0
20,14,15,3,0
20,15,15,2,0
20,5,16,1,0
20,14,16,1,0
21,5,3,1,0
21,14,3,1,0
21,4,4,2,0
21,5,4,3,0
21,6,4,2,0
21,13,4,2,0
21,14,4,3,0
21,15,4,2,0
21,3,5,1,0
21,4,5,3,0
21,5,5,2,0
21,6,5,3,0
21,7,5,3,0
21,8,5,3,0
21,9,5,3,0
21,10,5,3,0
21,11,5,3,0
21,12,5,3,0
21,14,5,1,0
21,16,5,1,0
21,4,6,2,0
21,6,6,3,0
21,13,6,3,0
21,14,6,2,0
21,15,6,1,0
21,5,7,1,0
21,7,7,3,0
21,12,7,3,0
21,14,7,1,0
21,8,8,3,0
21,11,8,3,0
21,9,9,3,0
21,10,9,3,0
21,9,10,3,0
21,10,10,3,0
21,8,11,2,0
21,11,11,3,0
21,5,12,1,0
21,7,12,1,0
21,12,12,3,0
21,14,12,1,0
21,4,13,2,0
21,6,13,1,0
21,13,13,3,0
21,15,13,2,0
21,3,14,1,0
21,4,14,2,0
21,6,14,1,0
21,9,14,3,0
21,10,14,3,0
21,11,14,3,0
21,12,14,3,0
21,13,14,3,0
21,14,14,2,0
21,15,14,2,0
21,16,14,1,0
21,4,15,2,0
21,5,15,1,0
21,6,15,1,0
21,13,15,2,0
21,14,15,3,0
21,15,15,2,0
21,5,16,1,0
21,14,16,1,0
22,5,3,1,0
22,14,3,1,0
22,4,4,2,0
22,5,4,3,0
22,6,4,2,0
22,13,4,2,0
22,14,4,3,0
22,15,4,2,0
22,3,5,1,0
22,4,5,3,0
22,5,5,3,0
22,6,5,3,0
22,7,5,3,0
22,8,5,3,0
22,9,5,3,0
22,10,5,3,0
22,11,5,3,0
22,12,5,1,0
22,13,5,1,0
22,14,5,1,0
22,15,5,1,0
22,16,5,1,0
22,4,6,2,0
22,5,6,1,0
22,6,6,3,0
22,13,6,3,0
22,14,6,3,0
22,15,6,2,0
22,5,7,1,0
22,7,7,3,0
22,12,7,3,0
22,14,7,1,0
22,8,8,3,0
22,11,8,3,0
22,9,9,3,0
22,10,9,3,0
22,9,10,3,0
22,10,10,3,0
22,8,11,3,0
22,11,11,3,0
22,5,12,1,0
22,7,12,2,0
22,12,12,3,0
22,14,12,1,0
22,4,13,2,0
22,5,13,1,0
22,6,13,1,0
22,13,13,3,0
22,14,13,1,0
22,15,13,2,0
22,3,14,1,0
22,4,14,3,0
22,5,14,1,0
22,6,14,1,0
22,7,14,1,0
22,8,14,1,0
22,9,14,3,0
22,10,14,3,0
22,11,14,3,0
22,12,14,3,0
22,13,14,3,0
22,14,14,3,0
22,15,14,3,0
22,16,14,1,0
22,4,15,2,0
22,5,15,2,0
22,6,15,2,0
22,13,15,2,0
22,14,15,3,0
22,15,15,2,0
22,5,16,1,0
22,14,16,1,0
23,5,3,1,0
23,14,3,1,0
23,4,4,2,0
23,5,4,3,0
23,6,4,2,0
23,13,4,2,0
23,14,4,3,0
23,15,4,2,0
23,3,5,1,0
23,4,5,3,0
23,5,5,3,0
23,6,5,3,0
23,7,5,3,0
23,8,5,3,0
23,9,5,3,0
23,10,5,3,0
23,11,5,3,0
23,12,5,1,0
23,15,5,1,0
23,16,5,1,0
23,4,6,2,0
23,6,6,3,0
23,13,6,3,0
23,14,6,3,0
23,15,6,2,0
23,5,7,1,0
23,7,7,3,0
23,12,7,3,0
23,14,7,1,0
23,8,8,3,0
23,11,8,3,0
23,9,9,3,0
23,10,9,3,0
23,9,10,3,0
23,10,10,3,0
23,8,11,3,0
23,11,11,3,0
23,5,12,1,0
23,7,12,2,0
23,12,12,3,0
23,14,12,1,0
23,4,13,2,0
23,5,13,1,0
23,6,13,1,0
23,13,13,3,0
23,15,13,2,0
23,3,14,1,0
23,4,14,3,0
23,5,14,1,0
23,6,14,1,0
23,9,14,3,0
23,10,14,3,0
23,11,14,3,0
23,12,14,3,0
23,13,14,3,0
23,14,14,3,0
23,15,14,3,0
23,16,14,1,0
23,4,15,2,0
23,5,15,2,0
23,6,15,2,0
23,13,15,2,0
23,14,15,3,0
23,15,15,2,0
23,5,16,1,0
23,14,16,1,0
24,5,3,1,0
24,14,3,1,0
24,4,4,2,0
24,5,4,3,0
24,6,4,2,0
24,13,4,2,0
24,14,4,3,0
24,15,4,2,0
24,3,5,1,0
24,4,5,3,0
24,5,5,4,0
24,6,5,3,0
24,7,5,3,0
24,8,5,3,0
24,9,5,3,0
24,10,5,3,0
24,11,5,3,0
24,12,5,2,0
24,13,5,1,0
24,14,5,1,0
24,15,5,1,0
24,16,5,1,0
24,4,6,2,0
24,5,6,1,0
24,6,6,3,0
24,13,6,3,0
24,14,6,3,0
24,15,6,2,0
24,5,7,1,0
24,7,7,3,0
24,12,7,3,0
24,14,7,1,0
24,8,8,3,0
24,11,8,3,0
24,9,9,3,0
24,10,9,3,0
24,9,10,3,0
24,10,10,3,0
24,8,11,3,0
24,11,11,3,0
24,5,12,1,0
24,7,12,3,0
24,12,12,3,0
24,14,12,1,0
24,4,13,2,0
24,5,13,2,0
24,6,13,1,0
24,13,13,3,0
24,14,13,1,0
24,15,13,2,0
24,3,14,1,0
24,4,14,3,0
24,5,14,2,0
24,6,14,1,0
24,7,14,1,0
24,8,14,1,0
24,9,14,3,0
24,10,14,3,0
24,11,14,3,0
24,12,14,3,0
24,13,14,3,0
24,14,14,4,0
24,15,14,3,0
24,16,14,1,0
24,4,15,2,0
24,5,15,3,0
24,6,15,2,0
24,13,15,2,0
24,14,15,3,0
24,15,15,2,0
24,5,16,1,0
24,14,16,1,0
25,5,3,1,0
25,14,3,1,0
25,4,4,2,0
25,5,4,3,0
25,6,4,2,0
25,13,4,2,0
25,14,4,3,0
25,15,4,2,0
25,3,5,1,0
25,4,5,3,0
25,5,5,4,0
25,6,5,3,0
25,7,5,3,0
25,8,5,3,0
25,9,5,3,0
25,10,5,3,0
25,11,5,3,0
25,12,5,2,0
25,13,5,1,0
25,15,5,1,0
25,4,6,2,0
25,6,6,3,0
25,13,6,3,0
25,14,6,3,0
25,15,6,2,0
25,5,7,1,0
25,7,7,3,0
25,12,7,3,0
25,14,7,1,0
25,8,8,3,0
25,11,8,3,0
25,9,9,3,0
25,10,9,3,0
25,9,10,3,0
25,10,10,3,0
25,8,11,3,0
25,11,11,3,0
25,5,12,1,0
25,12,12,3,0
25,14,12,1,0
25,4,13,2,0
25,5,13,2,0
25,6,13,1,0
25,13,13,3,0
25,15,13,2,0
25,3,14,1,0
25,4,14,3,0
25,5,14,2,0
25,6,14,1,0
25,8,14,1,0
25,9,14,3,0
25,10,14,3,0
25,11,14,3,0
25,12,14,3,0
25,13,14,3,0
25,14,14,4,0
25,15,14,3,0
25,16,14,1,0
25,4,15,2,0
25,5,15,3,0
25,6,15,2,0
25,13,15,2,0
25,14,15,3,0
25,15,15,2,0
25,5,16,1,0
25,14,16,1,0
26,5,3,1,0
26,14,3,1,0
26,4,4,2,0
26,5,4,3,0
26,6,4,2,0
26,13,4,2,0
26,14,4,3,0
26,15,4,2,0
26,3,5,1,0
26,4,5,3,0
26,5,5,5,0
26,6,5,3,0
26,7,5,3,0
26,8,5,3,0
26,9,5,3,0
26,10,5,3,0
26,11,5,3,0
26,12,5,3,0
26,13,5,2,0
26,14,5,1,0
26,15,5,1,0
26,16,5,1,0
26,4,6,2,0
26,5,6,1,0
26,6,6,3,0
26,13,6,3,0
26,14,6,1,0
26,15,6,2,0
26,5,7,1,0
26,7,7,3,0
26,12,7,3,0
26,14,7,1,0
26,8,8,3,0
26,11,8,3,0
26,9,9,3,0
26,10,9,3,0
26,9,10,3,0
26,10,10,3,0
26,8,11,3,0
26,11,11,3,0
26,5,12,1,0
26,7,12,1,0
26,12,12,3,0
26,14,12,1,0
26,4,13,2,0
26,5,13,3,0
26,6,13,1,0
26,13,13,3,0
26,14,13,1,0
26,15,13,2,0
26,3,14,1,0
26,4,14,3,0
26,5,14,3,0
26,6,14,2,0
26,7,14,1,0
26,8,14,2,0
26,9,14,3,0
26,10,14,3,0
26,11,14,3,0
26,12,14,3,0
26,13,14,3,0
26,14,14,5,0
26,15,14,3,0
26,16,14,1,0
26,4,15,2,0
26,5,15,3,0
26,6,15,2,0
26,13,15,2,0
26,14,15,3,0
26,15,15,2,0
26,5,16,1,0
26,14,16,1,0
27,5,3,1,0
27,14,3,1,0
27,4,4,2,0
27,5,4,3,0
27,6,4,2,0
27,13,4,2,0
27,14,4,3,0
27,15,4,2,0
27,3,5,1,0
27,4,5,3,0
27,5,5,5,0
27,6,5,3,0
27,7,5,3,0
27,8,5,3,0
27,9,5,3,0
27,10,5,3,0
27,11,5,3,0
27,12,5,3,0
27,13,5,2,0
27,14,5,1,0
27,15,5,1,0
27,16,5,1,0
27,4,6,2,0
27,6,6,3,0
27,13,6,3,0
27,14,6,1,0
27,5,7,1,0
27,7,7,3,0
27,12,7,3,0
27,14,7,1,0
27,8,8,3,0
27,11,8,3,0
27,9,9,3,0
27,10,9,3,0
27,9,10,3,0
27,10,10,3,0
27,8,11,3,0
27,11,11,3,0
27,5,12,1,0
27,12,12,3,0
27,14,12,1,0
27,4,13,2,0
27,5,13,3,0
27,6,13,1,0
27,13,13,3,0
27,15,13,2,0
27,3,14,1,0
27,4,14,3,0
27,5,14,3,0
27,7,14,1,0
27,8,14,2,0
27,9,14,3,0
27,10,14,3,0
27,11,14,3,0
27,12,14,3,0
27,13,14,3,0
27,14,14,5,0
27,15,14,3,0
27,16,14,1,0
27,4,15,2,0
27,5,15,3,0
27,6,15,2,0
27,13,15,2,0
27,14,15,3,0
27,15,15,2,0
27,5,16,1,0
27,14,16,1,0
28,5,3,1,0
28,14,3,1,0
28,4,4,2,0
28,5,4,3,0
28,6,4,2,0
28,13,4,2,0
28,14,4,3,0
28,15,4,2,0
28,3,5,1,0
28,4,5,3,0
28,5,5,1,0
28,6,5,3,0
28,7,5,3,0
28,8,5,3,0
28,9,5,3,0
28,10,5,3,0
28,11,5,3,0
28,12,5,3,0
28,13,5,3,0
28,14,5,2,0
28,15,5,1,0
28,16,5,1,0
28,4,6,2,0
28,5,6,1,0
28,6,6,3,0
28,13,6,3,0
28,14,6,2,0
28,15,6,1,0
28,5,7,1,0
28,7,7,3,0
28,12,7,3,0
28,14,7,1,0
28,8,8,3,0
28,11,8,3,0
28,9,9,3,0
28,10,9,3,0
28,9,10,3,0
28,10,10,3,0
28,8,11,3,0
28,11,11,3,0
28,5,12,1,0
28,7,12,1,0
28,12,12,3,0
28,14,12,1,0
28,4,13,2,0
28,5,13,3,0
28,6,13,2,0
28,13,13,3,0
28,14,13,1,0
28,15,13,2,0
28,3,14,1,0
28,4,14,3,0
28,5,14,4,0
28,6,14,1,0
28,7,14,2,0
28,8,14,3,0
28,9,14,3,0
28,10,14,3,0
28,11,14,3,0
28,12,14,3,0
28,13,14,3,0
28,14,14,5,0
28,15,14,3,0
28,16,14,1,0
28,4,15,2,0
28,5,15,3,0
28,6,15,1,0
28,13,15,2,0
28,14,15,3,0
28,15,15,2,0
28,5,16,1,0
28,14,16,1,0
29,5,3,1,0
29,14,3,1,0
29,4,4,2,0
29,5,4,3,0
29,6,4,2,0
29,13,4,2,0
29,14,4,3,0
29,15,4,2,0
29,3,5,1,0
29,4,5,3,0
29,6,5,3,0
29,7,5,3,0
29,8,5,3,0
29,9,5,3,0
29,10,5,3,0
29,11,5,3,0
29,12,5,3,0
29,13,5,3,0
29,15,5,1,0
29,16,5,1,0
29,4,6,2,0
29,5,6,1,0
29,6,6,3,0
29,13,6,3,0
29,14,6,2,0
29,15,6,1,0
29,5,7,1,0
29,7,7,3,0
29,12,7,3,0
29,14,7,1,0
29,8,8,3,0
29,11,8,3,0
29,9,9,3,0
29,10,9,3,0
29,9,10,3,0
29,10,10,3,0
29,8,11,3,0
29,11,11,3,0
29,5,12,1,0
29,7,12,1,0
29,12,12,3,0
29,14,12,1,0
29,4,13,2,0
29,5,13,3,0
29,13,13,3,0
29,15,13,2,0
29,3,14,1,0
29,4,14,3,0
29,5,14,4,0
29,6,14,1,0
29,7,14,2,0
29,8,14,3,0
29,9,14,3,0
29,10,14,3,0
29,11,14,3,0
29,12,14,3,0
29,13,14,3,0
29,14,14,5,0
29,15,14,3,0
29,16,14,1,0
29,4,15,2,0
29,6,15,1,0
29,13,15,2,0
29,14,15,3,0
29,15,15,2,0
29,5,16,1,0
29,14,16,1,0
30,5,3,1,0
30,14,3,1,0
30,4,4,2,0
30,5,4,3,0
30,6,4,2,0
30,13,4,2,0
30,14,4,3,0
30,15,4,2,0
30,3,5,1,0
30,4,5,3,0
30,5,5,1,0
30,6,5,3,0
30,7,5,3,0
30,8,5,3,0
30,9,5,3,0
30,10,5,3,0
30,11,5,3,0
30,12,5,3,0
30,13,5,3,0
30,14,5,1,0
30,15,5,2,0
30,16,5,1,0
30,4,6,2,0
30,5,6,2,0
30,6,6,3,0
30,13,6,3,0
30,14,6,3,0
30,15,6,2,0
30,5,7,1,0
30,7,7,3,0
30,12,7,3,0
30,14,7,1,0
30,8,8,3,0
30,11,8,3,0
30,9,9,3,0
30,10,9,3,0
30,9,10,3,0
30,10,10,3,0
30,8,11,3,0
30,11,11,3,0
30,5,12,1,0
30,7,12,2,0
30,12,12,3,0
30,14,12,1,0
30,4,13,2,0
30,5,13,3,0
30,6,13,1,0
30,13,13,3,0
30,14,13,1,0
30,15,13,2,0
30,3,14,1,0
30,4,14,3,0
30,5,14,1,0
30,6,14,2,0
30,7,14,3,0
30,8,14,3,0
30,9,14,3,0
30,10,14,3,0
30,11,14,3,0
30,12,14,3,0
30,13,14,3,0
30,14,14,5,0
30,15,14,3,0
30,16,14,1,0
30,4,15,2,0
30,5,15,1,0
30,6,15,2,0
30,13,15,2,0
30,14,15,3,0
30,15,15,2,0
30,5,16,1,0
30,14,16,1,0
31,5,3,1,0
31,14,3,1,0
31,4,4,2,0
31,5,4,3,0
31,6,4,2,0
31,13,4,2,0
31,14,4,3,0
31,15,4,2,0
31,3,5,1,0
31,4,5,3,0
31,6,5,3,0
31,7,5,3,0
31,8,5,3,0
31,9,5,3,0
31,10,5,3,0
31,11,5,3,0
31,12,5,3,0
31,13,5,3,0
31,15,5,2,0
31,16,5,1,0
31,4,6,2,0
31,5,6,2,0
31,6,6,3,0
31,13,6,3,0
31,14,6,3,0
31,15,6,2,0
31,5,7,1,0
31,7,7,3,0
31,12,7,3,0
31,14,7,1,0
31,8,8,3,0
31,11,8,3,0
31,9,9,3,0
31,10,9,3,0
31,9,10,3,0
31,10,10,3,0
31,8,11,3,0
31,11,11,3,0
31,5,12,1,0
31,7,12,2,0
31,12,12,3,0
31,14,12,1,0
31,4,13,2,0
31,6,13,1,0
31,13,13,3,0
31,15,13,2,0
31,3,14,1,0
31,4,14,3,0
31,5,14,1,0
31,7,14,3,0
31,8,14,3,0
31,9,14,3,0
31,10,14,3,0
31,11,14,3,0
31,12,14,3,0
31,13,14,3,0
31,14,14,5,0
31,15,14,3,0
31,16,14,1,0
31,4,15,2,0
31,5,15,1,0
31,6,15,2,0
31,13,15,2,0
31,14,15,3,0
31,15,15,2,0
31,5,16,1,0
31,14,16,1,0
32,5,3,1,0
32,14,3,1,0
32,4,4,2,0
32,5,4,3,0
32,6,4,2,0
32,13,4,2,0
32,14,4,3,0
32,15,4,2,0
32,3,5,1,0
32,4,5,3,0
32,5,5,1,0
32,6,5,3,0
32,7,5,3,0
32,8,5,3,0
32,9,5,3,0
32,10,5,3,0
32,11,5,3,0
32,12,5,3,0
32,13,5,3,0
32,14,5,1,0
32,15,5,3,0
32,16,5,1,0
32,4,6,2,0
32,5,6,3,0
32,6,6,3,0
32,13,6,3,0
32,14,6,1,0
32,15,6,2,0
32,5,7,1,0
32,7,7,3,0
32,12,7,3,0
32,14,7,1,0
32,8,8,3,0
32,11,8,3,0
32,9,9,3,0
32,10,9,3,0
32,9,10,3,0
32,10,10,3,0
32,8,11,3,0
32,11,11,3,0
32,5,12,1,0
32,7,12,3,0
32,12,12,3,0
32,14,12,1,0
32,4,13,2,0
32,5,13,1,0
32,6,13,1,0
32,13,13,3,0
32,14,13,1,0
32,15,13,2,0
32,3,14,1,0
32,4,14,3,0
32,5,14,1,0
32,6,14,1,0
32,7,14,3,0
32,8,14,3,0
32,9,14,3,0
32,10,14,3,0
32,11,14,3,0
32,12,14,3,0
32,13,14,3,0
32,14,14,5,0
32,15,14,3,0
32,16,14,1,0
32,4,15,2,0
32,5,15,2,0
32,6,15,2,0
32,13,15,2,0
32,14,15,3,0
32,15,15,2,0
32,5,16,1,0
32,14,16,1,0
33,5,3,1,0
33,14,3,1,0
33,4,4,2,0
33,5,4,3,0
33,6,4,2,0
33,13,4,2,0
33,14,4,3,0
33,15,4,2,0
33,3,5,1,0
33,4,5,3,0
33,6,5,3,0
33,7,5,3,0
33,8,5,3,0
33,9,5,3,0
33,10,5,3,0
33,11,5,3,0
33,12,5,3,0
33,13,5,3,0
33,14,5,1,0
33,15,5,3,0
33,16,5,1,0
33,4,6,2,0
33,5,6,3,0
33,6,6,3,0
33,13,6,3,0
33,14,6,1,0
33,5,7,1,0
33,7,7,3,0
33,12,7,3,0
33,14,7,1,0
33,8,8,3,0
33,11,8,3,0
33,9,9,3,0
33,10,9,3,0
33,9,10,3,0
33,10,10,3,0
33,8,11,3,0
33,11,11,3,0
33,5,12,1,0
33,7,12,3,0
33,12,12,3,0
33,14,12,1,0
33,4,13,2,0
33,5,13,1,0
33,13,13,3,0
33,15,13,2,0
33,3,14,1,0
33,4,14,3,0
33,5,14,1,0
33,7,14,3,0
33,8,14,3,0
33,9,14,3,0
33,10,14,3,0
33,11,14,3,0
33,12,14,3,0
33,13,14,3,0
33,14,14,5,0
33,15,14,3,0
33,16,14,1,0
33,4,15,2,0
33,5,15,2,0
33,6,15,2,0
33,13,15,2,0
33,14,15,3,0
33,15,15,2,0
33,5,16,1,0
33,14,16,1,0
34,5,3,1,0
34,14,3,1,0
34,4,4,2,0
34,5,4,3,0
34,6,4,2,0
34,13,4,2,0
34,14,4,3,0
34,15,4,2,0
34,3,5,1,0
34,4,5,3,0
34,5,5,1,0
34,6,5,3,0
34,7,5,3,0
34,8,5,3,0
34,9,5,3,0
34,10,5,3,0
34,11,5,3,0
34,12,5,3,0
34,13,5,3,0
34,14,5,2,0
34,15,5,1,0
34,16,5,1,0
34,4,6,2,0
34,5,6,3,0
34,6,6,3,0
34,13,6,3,0
34,14,6,2,0
34,15,6,1,0
34,5,7,1,0
34,7,7,3,0
34,12,7,3,0
34,14,7,1,0
34,8,8,3,0
34,11,8,3,0
34,9,9,3,0
34,10,9,3,0
34,9,10,3,0
34,10,10,3,0
34,8,11,3,0
34,11,11,3,0
34,5,12,1,0
34,7,12,3,0
34,12,12,3,0
34,14,12,1,0
34,4,13,2,0
34,5,13,2,0
34,6,13,1,0
34,13,13,3,0
34,14,13,1,0
34,15,13,2,0
34,3,14,1,0
34,4,14,3,0
34,5,14,2,0
34,6,14,1,0
34,7,14,3,0
34,8,14,3,0
34,9,14,3,0
34,10,14,3,0
34,11,14,3,0
34,12,14,3,0
34,13,14,3,0
34,14,14,1,0
34,15,14,3,0
34,16,14,1,0
34,4,15,2,0
34,5,15,3,0
34,6,15,2,0
34,13,15,2,0
34,14,15,3,0
34,15,15,2,0
34,5,16,1,0
34,14,16,1,0
35,5,3,1,0
35,14,3,1,0
35,4,4,2,0
35,5,4,3,0
35,6,4,2,0
35,13,4,2,0
35,14,4,3,0
35,15,4,2,0
35,3,5,1,0
35,5,5,1,0
35,6,5,3,0
35,7,5,3,0
35,8,5,3,0
35,9,5,3,0
35,10,5,3,0
35,11,5,3,0
35,12,5,3,0
35,13,5,3,0
35,14,5,2,0
35,16,5,1,0
35,4,6,2,0
35,5,6,3,0
35,6,6,3,0
35,13,6,3,0
35,14,6,2,0
35,15,6,1,0
35,5,7,1,0
35,7,7,3,0
35,12,7,3,0
35,14,7,1,0
35,8,8,3,0
35,11,8,3,0
35,9,9,3,0
35,10,9,3,0
35,9,10,3,0
35,10,10,3,0
35,8,11,3,0
35,11,11,3,0
35,5,12,1,0
35,7,12,3,0
35,12,12,3,0
35,14,12,1,0
35,4,13,2,0
35,6,13,1,0
35,13,13,3,0
35,14,13,1,0
35,15,13,2,0
35,3,14,1,0
35,4,14,3,0
35,5,14,2,0
35,6,14,1,0
35,7,14,3,0
35,8,14,3,0
35,9,14,3,0
35,10,14,3,0
35,11,14,3,0
35,12,14,3,0
35,13,14,3,0
35,14,14,1,0
35,16,14,1,0
35,4,15,2,0
35,5,15,3,0
35,6,15,2,0
35,13,15,2,0
35,14,15,3,0
35,15,15,2,0
35,5,16,1,0
35,14,16,1,0
36,5,3,1,0
36,14,3,1,0
36,4,4,2,0
36,5,4,3,0
36,6,4,2,0
36,13,4,2,0
36,14,4,3,0
36,15,4,2,0
36,3,5,1,0
36,4,5,1,0
36,5,5,2,0
36,6,5,3,0
36,7,5,3,0
36,8,5,3,0
36,9,5,3,0
36,10,5,3,0
36,11,5,3,0
36,12,5,3,0
36,13,5,3,0
36,14,5,3,0
36,15,5,1,0
36,16,5,1,0
36,4,6,2,0
36,5,6,3,0
36,6,6,3,0
36,13,6,3,0
36,14,6,3,0
36,15,6,2,0
36,5,7,1,0
36,7,7,3,0
36,12,7,3,0
36,14,7,1,0
36,8,8,3,0
36,11,8,3,0
36,9,9,3,0
36,10,9,3,0
36,9,10,3,0
36,10,10,3,0
36,8,11,3,0
36,11,11,3,0
36,5,12,1,0
36,7,12,3,0
36,12,12,3,0
36,14,12,1,0
36,4,13,2,0
36,5,13,1,0
36,6,13,2,0
36,13,13,3,0
36,14,13,2,0
36,15,13,2,0
36,3,14,1,0
36,4,14,3,0
36,5,14,1,0
36,6,14,2,0
36,7,14,3,0
36,8,14,3,0
36,9,14,3,0
36,10,14,3,0
36,11,14,3,0
36,12,14,3,0
36,13,14,3,0
36,14,14,2,0
36,15,14,1,0
36,16,14,1,0
36,4,15,2,0
36,5,15,3,0
36,6,15,2,0
36,13,15,2,0
36,14,15,3,0
36,15,15,2,0
36,5,16,1,0
36,14,16,1,0
37,5,3,1,0
37,14,3,1,0
37,4,4,2,0
37,5,4,3,0
37,6,4,2,0
37,13,4,2,0
37,14,4,3,0
37,15,4,2,0
37,3,5,1,0
37,5,5,2,0
37,6,5,3,0
37,7,5,3,0
37,8,5,3,0
37,9,5,3,0
37,10,5,3,0
37,11,5,3,0
37,12,5,3,0
37,13,5,3,0
37,14,5,3,0
37,16,5,1,0
37,4,6,2,0
37,5,6,3,0
37,6,6,3,0
37,13,6,3,0
37,14,6,3,0
37,15,6,2,0
37,5,7,1,0
37,7,7,3,0
37,12,7,3,0
37,14,7,1,0
37,8,8,3,0
37,11,8,3,0
37,9,9,3,0
37,10,9,3,0
37,9,10,3,0
37,10,10,3,0
37,8,11,3,0
37,11,11,3,0
37,5,12,1,0
37,7,12,3,0
37,12,12,3,0
37,14,12,1,0
37,4,13,2,0
37,5,13,1,0
37,6,13,2,0
37,13,13,3,0
37,14,13,2,0
37,15,13,2,0
37,3,14,1,0
37,5,14,1,0
37,6,14,2,0
37,7,14,3,0
37,8,14,3,0
37,9,14,3,0
37,10,14,3,0
37,11,14,3,0
37,12,14,3,0
37,13,14,3,0
37,14,14,2,0
37,16,14,1,0
37,4,15,2,0
37,5,15,3,0
37,6,15,2,0
37,13,15,2,0
37,14,15,3,0
37,15,15,2,0
37,5,16,1,0
37,14,16,1,0
38,5,3,1,0
38,14,3,1,0
38,4,4,2,0
38,5,4,3,0
38,6,4,2,0
38,13,4,2,0
38,14,4,3,0
38,15,4,2,0
38,3,5,1,0
38,4,5,1,0
38,5,5,3,0
38,6,5,3,0
38,7,5,3,0
38,8,5,3,0
38,9,5,3,0
38,10,5,3,0
38,11,5,3,0
38,12,5,3,0
38,13,5,3,0
38,14,5,4,0
38,15,5,1,0
38,16,5,1,0
38,4,6,2,0
38,5,6,3,0
38,6,6,3,0
38,13,6,3,0
38,14,6,3,0
38,15,6,2,0
38,5,7,1,0
38,7,7,3,0
38,12,7,3,0
38,14,7,1,0
38,8,8,3,0
38,11,8,3,0
38,9,9,3,0
38,10,9,3,0
38,9,10,3,0
38,10,10,3,0
38,8,11,3,0
38,11,11,3,0
38,5,12,1,0
38,7,12,3,0
38,12,12,3,0
38,14,12,1,0
38,4,13,2,0
38,5,13,2,0
38,6,13,3,0
38,13,13,3,0
38,14,13,3,0
38,15,13,2,0
38,3,14,1,0
38,4,14,1,0
38,5,14,1,0
38,6,14,3,0
38,7,14,3,0
38,8,14,3,0
38,9,14,3,0
38,10,14,3,0
38,11,14,3,0
38,12,14,3,0
38,13,14,3,0
38,14,14,3,0
38,15,14,1,0
38,16,14,1,0
38,4,15,2,0
38,5,15,3,0
38,6,15,2,0
38,13,15,2,0
38,14,15,3,0
38,15,15,2,0
38,5,16,1,0
38,14,16,1,0
39,5,3,1,0
39,14,3,1,0
39,4,4,2,0
39,5,4,3,0
39,6,4,2,0
39,13,4,2,0
39,14,4,3,0
39,15,4,2,0
39,3,5,1,0
39,5,5,3,0
39,6,5,3,0
39,7,5,3,0
39,8,5,3,0
39,9,5,3,0
39,10,5,3,0
39,11,5,3,0
39,12,5,3,0
39,13,5,3,0
39,14,5,4,0
39,16,5,1,0
39,4,6,2,0
39,5,6,3,0
39,6,6,3,0
39,13,6,3,0
39,14,6,3,0
39,15,6,2,0
39,5,7,1,0
39,7,7,3,0
39,12,7,3,0
39,14,7,1,0
39,8,8,3,0
39,11,8,3,0
39,9,9,3,0
39,10,9,3,0
39,9,10,3,0
39,10,10,3,0
39,8,11,3,0
39,11,11,3,0
39,5,12,1,0
39,7,12,3,0
39,12,12,3,0
39,14,12,1,0
39,4,13,2,0
39,5,13,2,0
39,6,13,3,0
39,13,13,3,0
39,14,13,3,0
39,15,13,2,0
39,3,14,1,0
39,4,14,1,0
39,5,14,1,0
39,7,14,3,0
39,8,14,3,0
39,9,14,3,0
39,10,14,3,0
39,11,14,3,0
39,12,14,3,0
39,13,14,3,0
39,14,14,3,0
39,16,14,1,0
39,4,15,2,0
39,5,15,3,0
39,6,15,2,0
39,13,15,2,0
39,14,15,3,0
39,15,15,2,0
39,5,16,1,0
39,14,16,1,0
40,5,3,1,0
40,14,3,1,0
40,4,4,2,0
40,5,4,3,0
40,6,4,2,0
40,13,4,2,0
40,14,4,3,0
40,15,4,2,0
40,3,5,1,0
40,4,5,1,0
40,5,5,4,0
40,6,5,3,0
40,7,5,3,0
40,8,5,3,0
40,9,5,3,0
40,10,5,3,0
40,11,5,3,0
40,12,5,3,0
40,13,5,3,0
40,14,5,5,0
40,15,5,1,0
40,16,5,1,0
40,4,6,2,0
40,5,6,3,0
40,6,6,3,0
40,13,6,3,0
40,14,6,3,0
40,15,6,2,0
40,5,7,1,0
40,7,7,3,0
40,12,7,3,0
40,14,7,1,0
40,8,8,3,0
40,11,8,3,0
40,9,9,3,0
40,10,9,3,0
40,9,10,3,0
40,10,10,3,0
40,8,11,3,0
40,11,11,3,0
40,5,12,1,0
40,7,12,3,0
40,12,12,3,0
40,14,12,1,0
40,4,13,2,0
40,5,13,3,0
40,6,13,3,0
40,13,13,3,0
40,14,13,3,0
40,15,13,2,0
40,3,14,1,0
40,4,14,2,0
40,5,14,2,0
40,6,14,1,0
40,7,14,3,0
40,8,14,3,0
40,9,14,3,0
40,10,14,3,0
40,11,14,3,0
40,12,14,3,0
40,13,14,3,0
40,14,14,4,0
40,15,14,1,0
40,16,14,1,0
40,4,15,2,0
40,5,15,3,0
40,6,15,2,0
40,13,15,2,0
40,14,15,3,0
40,15,15,2,0
40,5,16,1,0
40,14,16,1,0
41,5,3,1,0
41,14,3,1,0
41,4,4,2,0
41,5,4,3,0
41,6,4,2,0
41,13,4,2,0
41,14,4,3,0
41,15,4,2,0
41,3,5,1,0
41,5,5,4,0
41,6,5,3,0
41,7,5,3,0
41,8,5,3,0
41,9,5,3,0
41,10,5,3,0
41,11,5,3,0
41,12,5,3,0
41,13,5,3,0
41,14,5,5,0
41,16,5,1,0
41,4,6,2,0
41,5,6,3,0
41,6,6,3,0
41,13,6,3,0
41,14,6,3,0
41,15,6,2,0
41,5,7,1,0
41,7,7,3,0
41,12,7,3,0
41,14,7,1,0
41,8,8,3,0
41,11,8,3,0
41,9,9,3,0
41,10,9,3,0
41,9,10,3,0
41,10,10,3,0
41,8,11,3,0
41,11,11,3,0
41,5,12,1,0
41,7,12,3,0
41,12,12,3,0
41,14,12,1,0
41,4,13,2,0
41,5,13,3,0
41,6,13,3,0
41,13,13,3,0
41,14,13,3,0
41,15,13,2,0
41,3,14,1,0
41,4,14,2,0
41,5,14,2,0
41,7,14,3,0
41,8,14,3,0
41,9,14,3,0
41,10,14,3,0
41,11,14,3,0
41,12,14,3,0
41,13,14,3,0
41,14,14,4,0
41,16,14,1,0
41,4,15,2,0
41,5,15,3,0
41,6,15,2,0
41,13,15,2,0
41,14,15,3,0
41,15,15,2,0
41,5,16,1,0
41,14,16,1,0
42,5,3,1,0
42,14,3,1,0
42,4,4,2,0
42,5,4,3,0
42,6,4,2,0
42,13,4,2,0
42,14,4,3,0
42,15,4,2,0
42,3,5,1,0
42,4,5,1,0
42,5,5,5,0
42,6,5,3,0
42,7,5,3,0
42,8,5,3,0
42,9,5,3,0
42,10,5,3,0
42,11,5,3,0
42,12,5,3,0
42,13,5,3,0
42,14,5,5,0
42,15,5,1,0
42,16,5,1,0
42,4,6,2,0
42,5,6,3,0
42,6,6,3,0
42,13,6,3,0
42,14,6,3,0
42,15,6,2,0
42,5,7,1,0
42,7,7,3,0
42,12,7,3,0
42,14,7,1,0
42,8,8,3,0
42,11,8,3,0
42,9,9,3,0
42,10,9,3,0
42,9,10,3,0
42,10,10,3,0
42,8,11,3,0
42,11,11,3,0
42,5,12,1,0
42,7,12,3,0
42,12,12,3,0
42,14,12,1,0
42,4,13,2,0
42,5,13,3,0
42,6,13,3,0
42,13,13,3,0
42,14,13,3,0
42,15,13,2,0
42,3,14,1,0
42,4,14,3,0
42,5,14,3,0
42,6,14,1,0
42,7,14,3,0
42,8,14,3,0
42,9,14,3,0
42,10,14,3,0
42,11,14,3,0
42,12,14,3,0
42,13,14,3,0
42,14,14,5,0
42,15,14,1,0
42,16,14,1,0
42,4,15,2,0
42,5,15,3,0
42,6,15,2,0
42,13,15,2,0
42,14,15,3,0
42,15,15,2,0
42,5,16,1,0
42,14,16,1,0
43,5,3,1,0
43,14,3,1,0
43,4,4,2,0
43,5,4,3,0
43,6,4,2,0
43,13,4,2,0
43,14,4,3,0
43,15,4,2,0
43,3,5,1,0
43,5,5,5,0
43,6,5,3,0
43,7,5,3,0
43,8,5,3,0
43,9,5,3,0
43,10,5,3,0
43,11,5,3,0
43,12,5,3,0
43,13,5,3,0
43,14,5,5,0
43,16,5,1,0
43,4,6,2,0
43,5,6,3,0
43,6,6,3,0
43,13,6,3,0
43,14,6,3,0
43,15,6,2,0
43,5,7,1,0
43,7,7,3,0
43,12,7,3,0
43,14,7,1,0
43,8,8,3,0
43,11,8,3,0
43,9,9,3,0
43,10,9,3,0
43,9,10,3,0
43,10,10,3,0
43,8,11,3,0
43,11,11,3,0
43,5,12,1,0
43,7,12,3,0
43,12,12,3,0
43,14,12,1,0
43,4,13,2,0
43,5,13,3,0
43,6,13,3,0
43,13,13,3,0
43,14,13,3,0
43,15,13,2,0
43,3,14,1,0
43,4,14,3,0
43,5,14,3,0
43,7,14,3,0
43,8,14,3,0
43,9,14,3,0
43,10,14,3,0
43,11,14,3,0
43,12,14,3,0
43,13,14,3,0
43,14,14,5,0
43,15,14,1,0
43,16,14,1,0
43,4,15,2,0
43,5,15,3,0
43,6,15,2,0
43,13,15,2,0
43,14,15,3,0
43,15,15,2,0
43,5,16,1,0
43,14,16,1,0
44,5,3,1,0
44,14,3,1,0
44,4,4,2,0
44,5,4,3,0
44,6,4,2,0
44,13,4,2,0
44,14,4,3,0
44,15,4,2,0
44,3,5,1,0
44,4,5,1,0
44,5,5,5,0
44,6,5,3,0
44,7,5,3,0
44,8,5,3,0
44,9,5,3,0
44,10,5,3,0
44,11,5,3,0
44,12,5,3,0
44,13,5,3,0
44,14,5,5,0
44,15,5,1,0
44,16,5,1,0
44,4,6,2,0
44,5,6,3,0
44,6,6,3,0
44,13,6,3,0
44,14,6,3,0
44,15,6,2,0
44,5,7,1,0
44,7,7,3,0
44,12,7,3,0
44,14,7,1,0
44,8,8,3,0
44,11,8,3,0
44,9,9,3,0
44,10,9,3,0
44,9,10,3,0
44,10,10,3,0
44,8,11,3,0
44,11,11,3,0
44,5,12,1,0
44,7,12,3,0
44,12,12,3,0
44,14,12,1,0
44,4,13,2,0
44,5,13,3,0
44,6,13,3,0
44,13,13,3,0
44,14,13,3,0
44,15,13,2,0
44,3,14,1,0
44,4,14,3,0
44,5,14,4,0
44,6,14,1,0
44,7,14,3,0
44,8,14,3,0
44,9,14,3,0
44,10,14,3,0
44,11,14,3,0
44,12,14,3,0
44,13,14,3,0
44,14,14,5,0
44,15,14,2,0
44,16,14,1,0
44,4,15,2,0
44,5,15,3,0
44,6,15,2,0
44,13,15,2,0
44,14,15,3,0
44,15,15,2,0
44,5,16,1,0
44,14,16,1,0
45,5,3,1,0
45,14,3,1,0
45,4,4,2,0
45,5,4,3,0
45,6,4,2,0
45,13,4,2,0
45,14,4,3,0
45,15,4,2,0
45,3,5,1,0
45,4,5,1,0
45,5,5,5,0
45,6,5,3,0
45,7,5,3,0
45,8,5,3,0
45,9,5,3,0
45,10,5,3,0
45,11,5,3,0
45,12,5,3,0
45,13,5,3,0
45,14,5,5,0
45,16,5,1,0
45,4,6,2,0
45,5,6,3,0
45,6,6,3,0
45,13,6,3,0
45,14,6,3,0
45,15,6,2,0
45,5,7,1,0
45,7,7,3,0
45,12,7,3,0
45,14,7,1,0
45,8,8,3,0
45,11,8,3,0
45,9,9,3,0
45,10,9,3,0
45,9,10,3,0
45,10,10,3,0
45,8,11,3,0
45,11,11,3,0
45,5,12,1,0
45,7,12,3,0
45,12,12,3,0
45,14,12,1,0
45,4,13,2,0
45,5,13,3,0
45,6,13,3,0
45,13,13,3,0
45,14,13,3,0
45,15,13,2,0
45,3,14,1,0
45,4,14,3,0
45,5,14,4,0
45,7,14,3,0
45,8,14,3,0
45,9,14,3,0
45,10,14,3,0
45,11,14,3,0
45,12,14,3,0
45,13,14,3,0
45,14,14,5,0
45,15,14,2,0
45,16,14,1,0
45,4,15,2,0
45,5,15,3,0
45,6,15,2,0
45,13,15,2,0
45,14,15,3,0
45,15,15,2,0
45,5,16,1,0
45,14,16,1,0
46,5,3,1,0
46,14,3,1,0
46,4,4,2,0
46,5,4,3,0
46,6,4,2,0
46,13,4,2,0
46,14,4,3,0
46,15,4,2,0
46,3,5,1,0
46,4,5,2,0
46,5,5,5,0
46,6,5,3,0
46,7,5,3,0
46,8,5,3,0
46,9,5,3,0
46,10,5,3,0
46,11,5,3,0
46,12,5,3,0
46,13,5,3,0
46,14,5,5,0
46,15,5,1,0
46,16,5,1,0
46,4,6,2,0
46,5,6,3,0
46,6,6,3,0
46,13,6,3,0
46,14,6,3,0
46,15,6,2,0
46,5,7,1,0
46,7,7,3,0
46,12,7,3,0
46,14,7,1,0
46,8,8,3,0
46,11,8,3,0
46,9,9,3,0
46,10,9,3,0
46,9,10,3,0
46,10,10,3,0
46,8,11,3,0
46,11,11,3,0
46,5,12,1,0
46,7,12,3,0
46,12,12,3,0
46,14,12,1,0
46,4,13,2,0
46,5,13,3,0
46,6,13,3,0
46,13,13,3,0
46,14,13,3,0
46,15,13,2,0
46,3,14,1,0
46,4,14,3,0
46,5,14,5,0
46,6,14,1,0
46,7,14,3,0
46,8,14,3,0
46,9,14,3,0
46,10,14,3,0
46,11,14,3,0
46,12,14,3,0
46,13,14,3,0
46,14,14,5,0
46,15,14,3,0
46,16,14,1,0
46,4,15,2,0
46,5,15,3,0
46,6,15,2,0
46,13,15,2,0
46,14,15,3,0
46,15,15,2,0
46,5,16,1,0
46,14,16,1,0
47,5,3,1,0
47,14,3,1,0
47,4,4,2,0
47,5,4,3,0
47,6,4,2,0
47,13,4,2,0
47,14,4,3,0
47,15,4,2,0
47,3,5,1,0
47,4,5,2,0
47,5,5,5,0
47,6,5,3,0
47,7,5,3,0
47,8,5,3,0
47,9,5,3,0
47,10,5,3,0
47,11,5,3,0
47,12,5,3,0
47,13,5,3,0
47,14,5,5,0
47,16,5,1,0
47,4,6,2,0
47,5,6,3,0
47,6,6,3,0
47,13,6,3,0
47,14,6,3,0
47,15,6,2,0
47,5,7,1,0
47,7,7,3,0
47,12,7,3,0
47,14,7,1,0
47,8,8,3,0
47,11,8,3,0
47,9,9,3,0
47,10,9,3,0
47,9,10,3,0
47,10,10,3,0
47,8,11,3,0
47,11,11,3,0
47,5,12,1,0
47,7,12,3,0
47,12,12,3,0
47,14,12,1,0
47,4,13,2,0
47,5,13,3,0
47,6,13,3,0
47,13,13,3,0
47,14,13,3,0
47,15,13,2,0
47,3,14,1,0
47,4,14,3,0
47,5,14,5,0
47,7,14,3,0
47,8,14,3,0
47,9,14,3,0
47,10,14,3,0
47,11,14,3,0
47,12,14,3,0
47,13,14,3,0
47,14,14,5,0
47,15,14,3,0
47,16,14,1,0
47,4,15,2,0
47,5,15,3,0
47,6,15,2,0
47,13,15,2,0
47,14,15,3,0
47,15,15,2,0
47,5,16,1,0
47,14,16,1,0
48,5,3,1,0
48,14,3,1,0
48,4,4,2,0
48,5,4,3,0
48,6,4,2,0
48,13,4,2,0
48,14,4,3,0
48,15,4,2,0
48,3,5,1,0
48,4,5,3,0
48,5,5,5,0
48,6,5,3,0
48,7,5,3,0
48,8,5,3,0
48,9,5,3,0
48,10,5,3,0
48,11,5,3,0
48,12,5,3,0
48,13,5,3,0
48,14,5,5,0
48,15,5,1,0
48,16,5,1,0
48,4,6,2,0
48,5,6,3,0
48,6,6,3,0
48,13,6,3,0
48,14,6,3,0
48,15,6,2,0
48,5,7,1,0
48,7,7,3,0
48,12,7,3,0
48,14,7,1,0
48,8,8,3,0
48,11,8,3,0
48,9,9,3,0
48,10,9,3,0
48,9,10,3,0
48,10,10,3,0
48,8,11,3,0
48,11,11,3,0
48,5,12,1,0
48,7,12,3,0
48,12,12,3,0
48,14,12,1,0
48,4,13,2,0
48,5,13,3,0
48,6,13,3,0
48,13,13,3,0
48,14,13,3,0
48,15,13,2,0
48,3,14,1,0
48,4,14,3,0
48,5,14,5,0
48,6,14,1,0
48,7,14,3,0
48,8,14,3,0
48,9,14,3,0
48,10,14,3,0
48,11,14,3,0
48,12,14,3,0
48,13,14,3,0
48,14,14,5,0
48,15,14,3,0
48,16,14,1,0
48,4,15,2,0
48,5,15,3,0
48,6,15,2,0
48,13,15,2,0
48,14,15,3,0
48,15,15,2,0
48,5,16,1,0
48,14,16,1,0
49,5,3,1,0
49,14,3,1,0
49,4,4,2,0
49,5,4,3,0
49,6,4,2,0
49,13,4,2,0
49,14,4,3,0
49,15,4,2,0
49,3,5,1,0
49,4,5,3,0
49,5,5,5,0
49,6,5,3,0
49,7,5,3,0
49,8,5,3,0
49,9,5,3,0
49,10,5,3,0
49,11,5,3,0
49,12,5,3,0
49,13,5,3,0
49,15,5,1,0
49,16,5,1,0
49,4,6,2,0
49,5,6,3,0
49,6,6,3,0
49,13,6,3,0
49,14,6,3,0
49,15,6,2,0
49,5,7,1,0
49,7,7,3,0
49,12,7,3,0
49,14,7,1,0
49,8,8,3,0
49,11,8,3,0
49,9,9,3,0
49,10,9,3,0
49,9,10,3,0
49,10,10,3,0
49,8,11,3,0
49,11,11,3,0
49,5,12,1,0
49,7,12,3,0
49,12,12,3,0
49,14,12,1,0
49,4,13,2,0
49,5,13,3,0
49,6,13,3,0
49,13,13,3,0
49,14,13,3,0
49,15,13,2,0
49,3,14,1,0
49,4,14,3,0
49,5,14,5,0
49,6,14,1,0
49,7,14,3,0
49,8,14,3,0
49,9,14,3,0
49,10,14,3,0
49,11,14,3,0
49,12,14,3,0
49,13,14,3,0
49,14,14,5,0
49,15,14,3,0
49,16,14,1,0
49,4,15,2,0
49,5,15,3,0
49,6,15,2,0
49,13,15,2,0
49,14,15,3,0
49,15,15,2,0
49,5,16,1,0
49,14,16,1,0
50,5,3,1,0
50,14,3,1,0
50,4,4,2,0
50,5,4,3,0
50,6,4,2,0
50,13,4,2,0
50,14,4,3,0
50,15,4,2,0
50,3,5,1,0
50,4,5,3,0
50,5,5,5,0
50,6,5,3,0
50,7,5,3,0
50,8,5,3,0
50,9,5,3,0
50,10,5,3,0
50,11,5,3,0
50,12,5,3,0
50,13,5,3,0
50,14,5,1,0
50,15,5,2,0
50,16,5,1,0
50,4,6,2,0
50,5,6,3,0
50,6,6,3,0
50,13,6,3,0
50,14,6,1,0
50,15,6,2,0
50,5,7,1,0
50,7,7,3,0
50,12,7,3,0
50,14,7,1,0
50,8,8,3,0
50,11,8,3,0
50,9,9,3,0
50,10,9,3,0
50,9,10,3,0
50,10,10,3,0
50,8,11,3,0
50,11,11,3,0
50,5,12,1,0
50,7,12,3,0
50,12,12,3,0
50,14,12,1,0
50,4,13,2,0
50,5,13,3,0
50,6,13,3,0
50,13,13,3,0
50,14,13,3,0
50,15,13,2,0
50,3,14,1,0
50,4,14,3,0
50,5,14,5,0
50,6,14,2,0
50,7,14,3,0
50,8,14,3,0
50,9,14,3,0
50,10,14,3,0
50,11,14,3,0
50,12,14,3,0
50,13,14,3,0
50,14,14,5,0
50,15,14,3,0
50,16,14,1,0
50,4,15,2,0
50,5,15,3,0
50,6,15,2,0
50,13,15,2,0
50,14,15,3,0
50,15,15,2,0
50,5,16,1,0
50,14,16,1,0
51,5,3,1,0
51,14,3,1,0
51,4,4,2,0
51,5,4,3,0
51,6,4,2,0
51,13,4,2,0
51,14,4,3,0
51,15,4,2,0
51,3,5,1,0
51,4,5,3,0
51,5,5,5,0
51,6,5,3,0
51,7,5,3,0
51,8,5,3,0
51,9,5,3,0
51,10,5,3,0
51,11,5,3,0
51,12,5,3,0
51,13,5,3,0
51,14,5,1,0
51,15,5,2,0
51,16,5,1,0
51,4,6,2,0
51,5,6,3,0
51,6,6,3,0
51,13,6,3,0
51,15,6,2,0
51,5,7,1,0
51,7,7,3,0
51,12,7,3,0
51,14,7,1,0
51,8,8,3,0
51,11,8,3,0
51,9,9,3,0
51,10,9,3,0
51,9,10,3,0
51,10,10,3,0
51,8,11,3,0
51,11,11,3,0
51,5,12,1,0
51,7,12,3,0
51,12,12,3,0
51,14,12,1,0
51,4,13,2,0
51,5,13,3,0
51,6,13,3,0
51,13,13,3,0
51,14,13,3,0
51,15,13,2,0
51,3,14,1,0
51,4,14,3,0
51,5,14,5,0
51,6,14,2,0
51,7,14,3,0
51,8,14,3,0
51,9,14,3,0
51,10,14,3,0
51,11,14,3,0
51,12,14,3,0
51,13,14,3,0
51,14,14,5,0
51,15,14,3,0
51,16,14,1,0
51,4,15,2,0
51,5,15,3,0
51,6,15,2,0
51,13,15,2,0
51,14,15,3,0
51,15,15,2,0
51,5,16,1,0
51,14,16,1,0
52,5,3,1,0
52,14,3,1,0
52,4,4,2,0
52,5,4,3,0
52,6,4,2,0
52,13,4,2,0
52,14,4,3,0
52,15,4,2,0
52,3,5,1,0
52,4,5,3,0
52,5,5,5,0
52,6,5,3,0
52,7,5,3,0
52,8,5,3,0
52,9,5,3,0
52,10,5,3,0
52,11,5,3,0
52,12,5,3,0
52,13,5,3,0
52,14,5,2,0
52,15,5,3,0
52,16,5,1,0
52,4,6,2,0
52,5,6,3,0
52,6,6,3,0
52,13,6,3,0
52,14,6,1,0
52,15,6,2,0
52,5,7,1,0
52,7,7,3,0
52,12,7,3,0
52,14,7,1,0
52,8,8,3,0
52,11,8,3,0
52,9,9,3,0
52,10,9,3,0
52,9,10,3,0
52,10,10,3,0
52,8,11,3,0
52,11,11,3,0
52,5,12,1,0
52,7,12,3,0
52,12,12,3,0
52,14,12,1,0
52,4,13,2,0
52,5,13,3,0
52,6,13,3,0
52,13,13,3,0
52,14,13,3,0
52,15,13,2,0
52,3,14,1,0
52,4,14,3,0
52,5,14,5,0
52,6,14,3,0
52,7,14,3,0
52,8,14,3,0
52,9,14,3,0
52,10,14,3,0
52,11,14,3,0
52,12,14,3,0
52,13,14,3,0
52,14,14,5,0
52,15,14,3,0
52,16,14,1,0
52,4,15,2,0
52,5,15,3,0
52,6,15,2,0
52,13,15,2,0
52,14,15,3,0
52,15,15,2,0
52,5,16,1,0
52,14,16,1,0
53,5,3,1,0
53,14,3,1,0
53,4,4,2,0
53,5,4,3,0
53,6,4,2,0
53,13,4,2,0
53,14,4,3,0
53,15,4,2,0
53,3,5,1,0
53,4,5,3,0
53,5,5,5,0
53,6,5,3,0
53,7,5,3,0
53,8,5,3,0
53,9,5,3,0
53,10,5,3,0
53,11,5,3,0
53,12,5,3,0
53,13,5,3,0
53,14,5,2,0
53,15,5,3,0
53,16,5,1,0
53,4,6,2,0
53,5,6,3,0
53,6,6,3,0
53,13,6,3,0
53,15,6,2,0
53,5,7,1,0
53,7,7,3,0
53,12,7,3,0
53,14,7,1,0
53,8,8,3,0
53,11,8,3,0
53,9,9,3,0
53,10,9,3,0
53,9,10,3,0
53,10,10,3,0
53,8,11,3,0
53,11,11,3,0
53,5,12,1,0
53,7,12,3,0
53,12,12,3,0
53,14,12,1,0
53,4,13,2,0
53,5,13,3,0
53,6,13,3,0
53,13,13,3,0
53,14,13,3,0
53,15,13,2,0
53,3,14,1,0
53,4,14,3,0
53,5,14,5,0
53,6,14,3,0
53,7,14,3,0
53,8,14,3,0
53,9,14,3,0
53,10,14,3,0
53,11,14,3,0
53,12,14,3,0
53,13,14,3,0
53,14,14,5,0
53,15,14,3,0
53,16,14,1,0
53,4,15,2,0
53,5,15,3,0
53,6,15,2,0
53,13,15,2,0
53,14,15,3,0
53,15,15,2,0
53,5,16,1,0
53,14,16,1,0
54,5,3,1,0
54,14,3,1,0
54,4,4,2,0
54,5,4,3,0
54,6,4,2,0
54,13,4,2,0
54,14,4,3,0
54,15,4,2,0
54,3,5,1,0
54,4,5,3,0
54,5,5,5,0
54,6,5,3,0
54,7,5,3,0
54,8,5,3,0
54,9,5,3,0
54,10,5,3,0
54,11,5,3,0
54,12,5,3,0
54,13,5,3,0
54,14,5,1,0
54,15,5,3,0
54,16,5,1,0
54,4,6,2,0
54,5,6,3,0
54,6,6,3,0
54,13,6,3,0
54,14,6,1,0
54,15,6,2,0
54,5,7,1,0
54,7,7,3,0
54,12,7,3,0
54,14,7,1,0
54,8,8,3,0
54,11,8,3,0
54,9,9,3,0
54,10,9,3,0
54,9,10,3,0
54,10,10,3,0
54,8,11,3,0
54,11,11,3,0
54,5,12,1,0
54,7,12,3,0
54,12,12,3,0
54,14,12,1,0
54,4,13,2,0
54,5,13,3,0
54,6,13,3,0
54,13,13,3,0
54,14,13,3,0
54,15,13,2,0
54,3,14,1,0
54,4,14,3,0
54,5,14,5,0
54,6,14,3,0
54,7,14,3,0
54,8,14,3,0
54,9,14,3,0
54,10,14,3,0
54,11,14,3,0
54,12,14,3,0
54,13,14,3,0
54,14,14,5,0
54,15,14,3,0
54,16,14,1,0
54,4,15,2,0
54,5,15,3,0
54,6,15,2,0
54,13,15,2,0
54,14,15,3,0
54,15,15,2,0
54,5,16,1,0
54,14,16,1,0
55,5,3,1,0
55,14,3,1,0
55,4,4,2,0
55,5,4,3,0
55,6,4,2,0
55,13,4,2,0
55,14,4,3,0
55,15,4,2,0
55,3,5,1,0
55,4,5,3,0
55,5,5,5,0
55,6,5,3,0
55,7,5,3,0
55,8,5,3,0
55,9,5,3,0
55,10,5,3,0
55,11,5,3,0
55,12,5,3,0
55,13,5,3,0
55,15,5,3,0
55,16,5,1,0
55,4,6,2,0
55,5,6,3,0
55,6,6,3,0
55,13,6,3,0
55,14,6,1,0
55,15,6,2,0
55,5,7,1,0
55,7,7,3,0
55,12,7,3,0
55,14,7,1,0
55,8,8,3,0
55,11,8,3,0
55,9,9,3,0
55,10,9,3,0
55,9,10,3,0
55,10,10,3,0
55,8,11,3,0
55,11,11,3,0
55,5,12,1,0
55,7,12,3,0
55,12,12,3,0
55,14,12,1,0
55,4,13,2,0
55,5,13,3,0
55,6,13,3,0
55,13,13,3,0
55,14,13,3,0
55,15,13,2,0
55,3,14,1,0
55,4,14,3,0
55,5,14,5,0
55,6,14,3,0
55,7,14,3,0
55,8,14,3,0
55,9,14,3,0
55,10,14,3,0
55,11,14,3,0
55,12,14,3,0
55,13,14,3,0
55,14,14,5,0
55,15,14,3,0
55,16,14,1,0
55,4,15,2,0
55,5,15,3,0
55,6,15,2,0
55,13,15,2,0
55,14,15,3,0
55,15,15,2,0
55,5,16,1,0
55,14,16,1,0
56,5,3,1,0
56,14,3,1,0
56,4,4,2,0
56,5,4,3,0
56,6,4,2,0
56,13,4,2,0
56,14,4,3,0
56,15,4,2,0
56,3,5,1,0
56,4,5,3,0
56,5,5,5,0
56,6,5,3,0
56,7,5,3,0
56,8,5,3,0
56,9,5,3,0
56,10,5,3,0
56,11,5,3,0
56,12,5,3,0
56,13,5,3,0
56,14,5,1,0
56,15,5,3,0
56,16,5,1,0
56,4,6,2,0
56,5,6,3,0
56,6,6,3,0
56,13,6,3,0
56,14,6,1,0
56,15,6,2,0
56,5,7,1,0
56,7,7,3,0
56,12,7,3,0
56,14,7,1,0
56,8,8,3,0
56,11,8,3,0
56,9,9,3,0
56,10,9,3,0
56,9,10,3,0
56,10,10,3,0
56,8,11,3,0
56,11,11,3,0
56,5,12,1,0
56,7,12,3,0
56,12,12,3,0
56,14,12,1,0
56,4,13,2,0
56,5,13,3,0
56,6,13,3,0
56,13,13,3,0
56,14,13,3,0
56,15,13,2,0
56,3,14,1,0
56,4,14,3,0
56,5,14,5,0
56,6,14,3,0
56,7,14,3,0
56,8,14,3,0
56,9,14,3,0
56,10,14,3,0
56,11,14,3,0
56,12,14,3,0
56,13,14,3,0
56,14,14,5,0
56,15,14,3,0
56,16,14,1,0
56,4,15,2,0
56,5,15,3,0
56,6,15,2,0
56,13,15,2,0
56,14,15,3,0
56,15,15,2,0
56,5,16,1,0
56,14,16,1,0
57,5,3,1,0
57,14,3,1,0
57,4,4,2,0
57,5,4,3,0
57,6,4,2,0
57,13,4,2,0
57,14,4,3,0
57,15,4,2,0
57,3,5,1,0
57,4,5,3,0
57,5,5,5,0
57,6,5,3,0
57,7,5,3,0
57,8,5,3,0
57,9,5,3,0
57,10,5,3,0
57,11,5,3,0
57,12,5,3,0
57,13,5,3,0
57,15,5,3,0
57,16,5,1,0
57,4,6,2,0
57,5,6,3,0
57,6,6,3,0
57,13,6,3,0
57,14,6,1,0
57,15,6,2,0
57,5,7,1,0
57,7,7,3,0
57,12,7,3,0
57,14,7,1,0
57,8,8,3,0
57,11,8,3,0
57,9,9,3,0
57,10,9,3,0
57,9,10,3,0
57,10,10,3,0
57,8,11,3,0
57,11,11,3,0
57,5,12,1,0
57,7,12,3,0
57,12,12,3,0
57,14,12,1,0
57,4,13,2,0
57,5,13,3,0
57,6,13,3,0
57,13,13,3,0
57,14,13,3,0
57,15,13,2,0
57,3,14,1,0
57,4,14,3,0
57,5,14,5,0
57,6,14,3,0
57,7,14,3,0
57,8,14,3,0
57,9,14,3,0
57,10,14,3,0
57,11,14,3,0
57,12,14,3,0
57,13,14,3,0
57,14,14,5,0
57,15,14,3,0
57,16,14,1,0
57,4,15,2,0
57,5,15,3,0
57,6,15,2,0
57,13,15,2,0
57,14,15,3,0
57,15,15,2,0
57,5,16,1,0
57,14,16,1,0
58,5,3,1,0
58,14,3,1,0
58,4,4,2,0
58,5,4,3,0
58,6,4,2,0
58,13,4,2,0
58,14,4,3,0
58,15,4,2,0
58,3,5,1,0
58,4,5,3,0
58,5,5,5,0
58,6,5,3,0
58,7,5,3,0
58,8,5,3,0
58,9,5,3,0
58,10,5,3,0
58,11,5,3,0
58,12,5,3,0
58,13,5,3,0
58,14,5,1,0
58,15,5,3,0
58,16,5,1,0
58,4,6,2,0
58,5,6,3,0
58,6,6,3,0
58,13,6,3,0
58,14,6,2,0
58,15,6,2,0
58,5,7,1,0
58,7,7,3,0
58,12,7,3,0
58,14,7,1,0
58,8,8,3,0
58,11,8,3,0
58,9,9,3,0
58,10,9,3,0
58,9,10,3,0
58,10,10,3,0
58,8,11,3,0
58,11,11,3,0
58,5,12,1,0
58,7,12,3,0
58,12,12,3,0
58,14,12,1,0
58,4,13,2,0
58,5,13,3,0
58,6,13,3,0
58,13,13,3,0
58,14,13,3,0
58,15,13,2,0
58,3,14,1,0
58,4,14,3,0
58,5,14,5,0
58,6,14,3,0
58,7,14,3,0
58,8,14,3,0
58,9,14,3,0
58,10,14,3,0
58,11,14,3,0
58,12,14,3,0
58,13,14,3,0
58,14,14,5,0
58,15,14,3,0
58,16,14,1,0
58,4,15,2,0
58,5,15,3,0
58,6,15,2,0
58,13,15,2,0
58,14,15,3,0
58,15,15,2,0
58,5,16,1,0
58,14,16,1,0
59,5,3,1,0
59,14,3,1,0
59,4,4,2,0
59,5,4,3,0
59,6,4,2,0
59,13,4,2,0
59,14,4,3,0
59,15,4,2,0
59,3,5,1,0
59,4,5,3,0
59,5,5,5,0
59,6,5,3,0
59,7,5,3,0
59,8,5,3,0
59,9,5,3,0
59,10,5,3,0
59,11,5,3,0
59,12,5,3,0
59,13,5,3,0
59,14,5,1,0
59,15,5,3,0
59,16,5,1,0
59,4,6,2,0
59,5,6,3,0
59,6,6,3,0
59,13,6,3,0
59,15,6,2,0
59,5,7,1,0
59,7,7,3,0
59,12,7,3,0
59,14,7,1,0
59,8,8,3,0
59,11,8,3,0
59,9,9,3,0
59,10,9,3,0
59,9,10,3,0
59,10,10,3,0
59,8,11,3,0
59,11,11,3,0
59,5,12,1,0
59,7,12,3,0
59,12,12,3,0
59,14,12,1,0
59,4,13,2,0
59,5,13,3,0
59,6,13,3,0
59,13,13,3,0
59,14,13,3,0
59,15,13,2,0
59,3,14,1,0
59,4,14,3,0
59,5,14,5,0
59,6,14,3,0
59,7,14,3,0
59,8,14,3,0
59,9,14,3,0
59,10,14,3,0
59,11,14,3,0
59,12,14,3,0
59,13,14,3,0
59,14,14,5,0
59,15,14,3,0
59,16,14,1,0
59,4,15,2,0
59,5,15,3,0
59,6,15,2,0
59,13,15,2,0
59,14,15,3,0
59,15,15,2,0
59,5,16,1,0
59,14,16,1,0
60,5,3,1,0
60,14,3,1,0
60,4,4,2,0
60,5,4,3,0
60,6,4,2,0
60,13,4,2,0
60,14,4,3,0
60,15,4,2,0
60,3,5,1,0
60,4,5,3,0
60,5,5,5,0
60,6,5,3,0
60,7,5,3,0
60,8,5,3,0
60,9,5,3,0
60,10,5,3,0
60,11,5,3,0
60,12,5,3,0
60,13,5,3,0
60,14,5,2,0
60,15,5,3,0
60,16,5,1,0
60,4,6,2,0
60,5,6,3,0
60,6,6,3,0
60,13,6,3,0
60,14,6,1,0
60,15,6,2,0
60,5,7,1,0
60,7,7,3,0
60,12,7,3,0
60,14,7,1,0
60,8,8,3,0
60,11,8,3,0
60,9,9,3,0
60,10,9,3,0
60,9,10,3,0
60,10,10,3,0
60,8,11,3,0
60,11,11,3,0
60,5,12,1,0
60,7,12,3,0
60,12,12,3,0
60,14,12,1,0
60,4,13,2,0
60,5,13,3,0
60,6,13,3,0
60,13,13,3,0
60,14,13,3,0
60,15,13,2,0
60,3,14,1,0
60,4,14,3,0
60,5,14,5,0
60,6,14,3,0
60,7,14,3,0
60,8,14,3,0
60,9,14,3,0
60,10,14,3,0
60,11,14,3,0
60,12,14,3,0
60,13,14,3,0
60,14,14,5,0
60,15,14,3,0
60,16,14,1,0
60,4,15,2,0
60,5,15,3,0
60,6,15,2,0
60,13,15,2,0
60,14,15,3,0
60,15,15,2,0
60,5,16,1,0
60,14,16,1,0
61,5,3,1,0
61,14,3,1,0
61,4,4,2,0
61,5,4,3,0
61,6,4,2,0
61,13,4,2,0
61,14,4,3,0
61,15,4,2,0
61,3,5,1,0
61,4,5,3,0
61,5,5,5,0
61,6,5,3,0
61,7,5,3,0
61,8,5,3,0
61,9,5,3,0
61,10,5,3,0
61,11,5,3,0
61,12,5,3,0
61,13,5,3,0
61,15,5,3,0
61,16,5,1,0
61,4,6,2,0
61,5,6,3,0
61,6,6,3,0
61,13,6,3,0
61,14,6,1,0
61,15,6,2,0
61,5,7,1,0
61,7,7,3,0
61,12,7,3,0
61,14,7,1,0
61,8,8,3,0
61,11,8,3,0
61,9,9,3,0
61,10,9,3,0
61,9,10,3,0
61,10,10,3,0
61,8,11,3,0
61,11,11,3,0
61,5,12,1,0
61,7,12,3,0
61,12,12,3,0
61,14,12,1,0
61,4,13,2,0
61,5,13,3,0
61,6,13,3,0
61,13,13,3,0
61,14,13,3,0
61,15,13,2,0
61,3,14,1,0
61,4,14,3,0
61,5,14,5,0
61,6,14,3,0
61,7,14,3,0
61,8,14,3,0
61,9,14,3,0
61,10,14,3,0
61,11,14,3,0
61,12,14,3,0
61,13,14,3,0
61,14,14,5,0
61,15,14,3,0
61,16,14,1,0
61,4,15,2,0
61,5,15,3,0
61,6,15,2,0
61,13,15,2,0
61,14,15,3,0
61,15,15,2,0
61,5,16,1,0
61,14,16,1,0
62,5,3,1,0
62,14,3,1,0
62,4,4,2,0
62,5,4,3,0
62,6,4,2,0
62,13,4,2,0
62,14,4,3,0
62,15,4,2,0
62,3,5,1,0
62,4,5,3,0
62,5,5,5,0
62,6,5,3,0
62,7,5,3,0
62,8,5,3,0
62,9,5,3,0
62,10,5,3,0
62,11,5,3,0
62,12,5,3,0
62,13,5,3,0
62,14,5,1,0
62,15,5,3,0
62,16,5,1,0
62,4,6,2,0
62,5,6,3,0
62,6,6,3,0
62,13,6,3,0
62,14,6,2,0
62,15,6,2,0
62,5,7,1,0
62,7,7,3,0
62,12,7,3,0
62,14,7,1,0
62,8,8,3,0
62,11,8,3,0
62,9,9,3,0
62,10,9,3,0
62,9,10,3,0
62,10,10,3,0
62,8,11,3,0
62,11,11,3,0
62,5,12,1,0
62,7,12,3,0
62,12,12,3,0
62,14,12,1,0
62,4,13,2,0
62,5,13,3,0
62,6,13,3,0
62,13,13,3,0
62,14,13,3,0
62,15,13,2,0
62,3,14,1,0
62,4,14,3,0
62,5,14,5,0
62,6,14,3,0
62,7,14,3,0
62,8,14,3,0
62,9,14,3,0
62,10,14,3,0
62,11,14,3,0
62,12,14,3,0
62,13,14,3,0
62,14,14,5,0
62,15,14,3,0
62,16,14,1,0
62,4,15,2,0
62,5,15,3,0
62,6,15,2,0
62,13,15,2,0
62,14,15,3,0
62,15,15,2,0
62,5,16,1,0
62,14,16,1,0
63,5,3,1,0
63,14,3,1,0
63,4,4,2,0
63,5,4,3,0
63,6,4,2,0
63,13,4,2,0
63,14,4,3,0
63,15,4,2,0
63,3,5,1,0
63,4,5,3,0
63,5,5,5,0
63,6,5,3,0
63,7,5,3,0
63,8,5,3,0
63,9,5,3,0
63,10,5,3,0
63,11,5,3,0
63,12,5,3,0
63,13,5,3,0
63,15,5,3,0
63,16,5,1,0
63,4,6,2,0
63,5,6,3,0
63,6,6,3,0
63,13,6,3,0
63,14,6,2,0
63,15,6,2,0
63,5,7,1,0
63,7,7,3,0
63,12,7,3,0
63,14,7,1,0
63,8,8,3,0
63,11,8,3,0
63,9,9,3,0
63,10,9,3,0
63,9,10,3,0
63,10,10,3,0
63,8,11,3,0
63,11,11,3,0
63,5,12,1,0
63,7,12,3,0
63,12,12,3,0
63,14,12,1,0
63,4,13,2,0
63,5,13,3,0
63,6,13,3,0
63,13,13,3,0
63,14,13,3,0
63,15,13,2,0
63,3,14,1,0
63,4,14,3,0
63,5,14,5,0
63,6,14,3,0
63,7,14,3,0
63,8,14,3,0
63,9,14,3,0
63,10,14,3,0
63,11,14,3,0
63,12,14,3,0
63,13,14,3,0
63,14,14,5,0
63,15,14,3,0
63,16,14,1,0
63,4,15,2,0
63,5,15,3,0
63,6,15,2,0
63,13,15,2,0
63,14,15,3,0
63,15,15,2,0
63,5,16,1,0
63,14,16,1,0
64,5,3,1,0
64,14,3,1,0
64,4,4,2,0
64,5,4,3,0
64,6,4,2,0
64,13,4,2,0
64,14,4,3,0
64,15,4,2,0
64,3,5,1,0
64,4,5,3,0
64,5,5,5,0
64,6,5,3,0
64,7,5,3,0
64,8,5,3,0
64,9,5,3,0
64,10,5,3,0
64,11,5,3,0
64,12,5,3,0
64,13,5,3,0
64,14,5,1,0
64,15,5,3,0
64,16,5,1,0
64,4,6,2,0
64,5,6,3,0
64,6,6,3,0
64,13,6,3,0
64,14,6,3,0
64,15,6,2,0
64,5,7,1,0
64,7,7,3,0
64,12,7,3,0
64,14,7,1,0
64,8,8,3,0
64,11,8,3,0
64,9,9,3,0
64,10,9,3,0
64,9,10,3,0
64,10,10,3,0
64,8,11,3,0
64,11,11,3,0
64,5,12,1,0
64,7,12,3,0
64,12,12,3,0
64,14,12,1,0
64,4,13,2,0
64,5,13,3,0
64,6,13,3,0
64,13,13,3,0
64,14,13,3,0
64,15,13,2,0
64,3,14,1,0
64,4,14,3,0
64,5,14,5,0
64,6,14,3,0
64,7,14,3,0
64,8,14,3,0
64,9,14,3,0
64,10,14,3,0
64,11,14,3,0
64,12,14,3,0
64,13,14,3,0
64,14,14,5,0
64,15,14,3,0
64,16,14,1,0
64,4,15,2,0
64,5,15,3,0
64,6,15,2,0
64,13,15,2,0
64,14,15,3,0
64,15,15,2,0
64,5,16,1,0
64,14,16,1,0
